-- --------------------------------------------------------
-- Host:                         vweb13.nitrado.net
-- Server Version:               5.1.73-1+deb6u1 - (Debian)
-- Server Betriebssystem:        debian-linux-gnu
-- HeidiSQL Version:             9.1.0.4867
-- --------------------------------------------------------

/*!40101 SET @OLD_CHARACTER_SET_CLIENT=@@CHARACTER_SET_CLIENT */;
/*!40101 SET NAMES utf8 */;
/*!40014 SET @OLD_FOREIGN_KEY_CHECKS=@@FOREIGN_KEY_CHECKS, FOREIGN_KEY_CHECKS=0 */;
/*!40101 SET @OLD_SQL_MODE=@@SQL_MODE, SQL_MODE='NO_AUTO_VALUE_ON_ZERO' */;

-- Exportiere Datenbank Struktur für ni50265_1sql1
CREATE DATABASE IF NOT EXISTS `ni50265_1sql1` /*!40100 DEFAULT CHARACTER SET latin1 */;
USE `ni50265_1sql1`;


-- Exportiere Struktur von Tabelle ni50265_1sql1.ItemBlocks
CREATE TABLE IF NOT EXISTS `ItemBlocks` (
  `ID` int(10) unsigned NOT NULL AUTO_INCREMENT,
  `Name` varchar(500) NOT NULL DEFAULT '',
  `recMath` bit(1) NOT NULL DEFAULT b'0',
  `minSumLvl` tinyint(4) NOT NULL DEFAULT '-1',
  `maxSumLvl` tinyint(4) NOT NULL DEFAULT '-1',
  `showIfSumSpell` varchar(50) NOT NULL DEFAULT '',
  `hideIfSumSpell` varchar(50) NOT NULL DEFAULT '',
  PRIMARY KEY (`ID`)
) ENGINE=InnoDB AUTO_INCREMENT=35 DEFAULT CHARSET=latin1;

-- Exportiere Daten aus Tabelle ni50265_1sql1.ItemBlocks: ~16 rows (ungefähr)
/*!40000 ALTER TABLE `ItemBlocks` DISABLE KEYS */;
INSERT INTO `ItemBlocks` (`ID`, `Name`, `recMath`, `minSumLvl`, `maxSumLvl`, `showIfSumSpell`, `hideIfSumSpell`) VALUES
	(1, 'Test', b'0', -1, -1, '', ''),
	(2, 'Test2', b'0', -1, -1, '', ''),
	(18, 'starting', b'0', -1, -1, '', ''),
	(19, 'yoloswaglord', b'0', -1, -1, '', ''),
	(20, 'op huh', b'1', -1, -1, '', ''),
	(21, 'op huh', b'0', -1, -1, '', ''),
	(22, 'man fk this', b'0', -1, -1, '', ''),
	(23, 'op huh', b'0', -1, -1, '', ''),
	(24, 'op huh', b'1', -1, -1, '', ''),
	(25, 'op huh', b'0', -1, -1, '', ''),
	(26, 'op huh', b'0', -1, -1, '', ''),
	(27, 'op huh', b'0', -1, -1, '', ''),
	(28, 'op huh', b'0', -1, -1, '', ''),
	(29, 'op huh', b'0', -1, -1, '', ''),
	(30, 'op huh', b'0', -1, -1, '', ''),
	(31, 'op huh', b'0', -1, -1, '', ''),
	(32, 'drgayerh', b'0', -1, -1, '', ''),
	(33, 'sdfsdf', b'0', -1, -1, '', ''),
	(34, 'op huh', b'0', -1, -1, '', '');
/*!40000 ALTER TABLE `ItemBlocks` ENABLE KEYS */;


-- Exportiere Struktur von Tabelle ni50265_1sql1.ItemBuildsFrom
CREATE TABLE IF NOT EXISTS `ItemBuildsFrom` (
  `ID` int(11) NOT NULL AUTO_INCREMENT,
  `ItemID` int(11) NOT NULL,
  `BuildsFromID` int(11) NOT NULL,
  PRIMARY KEY (`ID`)
) ENGINE=InnoDB AUTO_INCREMENT=368 DEFAULT CHARSET=latin1;

-- Exportiere Daten aus Tabelle ni50265_1sql1.ItemBuildsFrom: ~367 rows (ungefähr)
/*!40000 ALTER TABLE `ItemBuildsFrom` DISABLE KEYS */;
INSERT INTO `ItemBuildsFrom` (`ID`, `ItemID`, `BuildsFromID`) VALUES
	(1, 3725, 3713),
	(2, 3725, 3751),
	(3, 3724, 3713),
	(4, 3724, 3057),
	(5, 3089, 1026),
	(6, 3089, 1058),
	(7, 3089, 1052),
	(8, 3723, 3713),
	(9, 3723, 3134),
	(10, 3722, 3711),
	(11, 3722, 1043),
	(12, 3087, 3086),
	(13, 3087, 3093),
	(14, 3721, 3711),
	(15, 3721, 3751),
	(16, 3086, 1051),
	(17, 3086, 1042),
	(18, 3720, 3711),
	(19, 3720, 3057),
	(20, 3085, 1042),
	(21, 3085, 1043),
	(22, 3085, 1042),
	(23, 1319, 3047),
	(24, 3084, 1011),
	(25, 3084, 3801),
	(26, 1318, 3047),
	(27, 3083, 3801),
	(28, 3083, 1011),
	(29, 3083, 3801),
	(30, 1317, 3047),
	(31, 3082, 1029),
	(32, 3082, 1029),
	(33, 1316, 3047),
	(34, 1315, 3047),
	(35, 1314, 3020),
	(36, 1313, 3020),
	(37, 1312, 3020),
	(38, 3285, 1058),
	(39, 3285, 3113),
	(40, 1311, 3020),
	(41, 1310, 3020),
	(42, 3726, 3713),
	(43, 3726, 1043),
	(44, 3924, 1053),
	(45, 3924, 1036),
	(46, 3711, 1039),
	(47, 3098, 3303),
	(48, 3714, 3715),
	(49, 3714, 3134),
	(50, 3713, 1039),
	(51, 1329, 3117),
	(52, 3290, 3108),
	(53, 3290, 3113),
	(54, 1328, 3117),
	(55, 3710, 3706),
	(56, 3710, 1043),
	(57, 3097, 3302),
	(58, 3096, 3301),
	(59, 3091, 1043),
	(60, 3091, 1033),
	(61, 3091, 1042),
	(62, 1325, 3117),
	(63, 3719, 3711),
	(64, 3719, 3134),
	(65, 3090, 3191),
	(66, 3090, 1058),
	(67, 1324, 3111),
	(68, 3093, 1051),
	(69, 1327, 3117),
	(70, 3092, 3098),
	(71, 3092, 3108),
	(72, 1326, 3117),
	(73, 3716, 3715),
	(74, 3716, 3057),
	(75, 1321, 3111),
	(76, 3715, 1039),
	(77, 1320, 3111),
	(78, 3718, 3715),
	(79, 3718, 1043),
	(80, 1323, 3111),
	(81, 3717, 3715),
	(82, 3717, 3751),
	(83, 1322, 3111),
	(84, 1330, 3158),
	(85, 3911, 3801),
	(86, 3911, 3067),
	(87, 3742, 1031),
	(88, 3742, 1011),
	(89, 3745, 3028),
	(90, 3745, 3067),
	(91, 3744, 3028),
	(92, 3744, 1052),
	(93, 3748, 3077),
	(94, 3748, 1011),
	(95, 3841, 3844),
	(96, 3840, 3841),
	(97, 3840, 3114),
	(98, 1307, 3009),
	(99, 1306, 3009),
	(100, 1309, 3009),
	(101, 1308, 3009),
	(102, 1301, 3006),
	(103, 1300, 3006),
	(104, 1303, 3006),
	(105, 1302, 3006),
	(106, 1305, 3009),
	(107, 1304, 3006),
	(108, 1057, 1033),
	(109, 3930, 3710),
	(110, 3931, 3718),
	(111, 3932, 3722),
	(112, 3933, 3726),
	(113, 3110, 3082),
	(114, 3110, 3024),
	(115, 3111, 1001),
	(116, 3111, 1033),
	(117, 3112, 1006),
	(118, 3112, 1006),
	(119, 3112, 1057),
	(120, 3829, 3136),
	(121, 3829, 1028),
	(122, 3106, 1042),
	(123, 3108, 1052),
	(124, 3102, 3211),
	(125, 3102, 3801),
	(126, 3105, 1033),
	(127, 3105, 3801),
	(128, 3104, 3122),
	(129, 3104, 1037),
	(130, 3104, 1018),
	(131, 3100, 3057),
	(132, 3100, 3113),
	(133, 3101, 1042),
	(134, 3101, 1042),
	(135, 3801, 1028),
	(136, 3801, 1006),
	(137, 3706, 1039),
	(138, 3707, 3706),
	(139, 3707, 3134),
	(140, 3800, 3010),
	(141, 3800, 3801),
	(142, 3504, 3114),
	(143, 3504, 3113),
	(144, 3708, 3706),
	(145, 3708, 3057),
	(146, 3709, 3706),
	(147, 3709, 3751),
	(148, 3508, 1053),
	(149, 3508, 1038),
	(150, 3361, 3340),
	(151, 3362, 3340),
	(152, 3363, 3342),
	(153, 3364, 3341),
	(154, 3146, 3144),
	(155, 3146, 3145),
	(156, 3006, 1001),
	(157, 3006, 1042),
	(158, 3003, 3070),
	(159, 3003, 1058),
	(160, 3004, 3070),
	(161, 3004, 1037),
	(162, 3009, 1001),
	(163, 3007, 3073),
	(164, 3007, 1058),
	(165, 3008, 3073),
	(166, 3008, 1037),
	(167, 3010, 1028),
	(168, 3010, 1027),
	(169, 3156, 3155),
	(170, 3156, 1037),
	(171, 3155, 1036),
	(172, 3155, 1033),
	(173, 3154, 3106),
	(174, 3154, 1036),
	(175, 3154, 1042),
	(176, 3153, 3144),
	(177, 3153, 1043),
	(178, 3152, 3145),
	(179, 3152, 3108),
	(180, 1011, 1028),
	(181, 3151, 3136),
	(182, 3151, 1026),
	(183, 3150, 1053),
	(184, 3150, 1037),
	(185, 3150, 1018),
	(186, 3139, 1038),
	(187, 3139, 3140),
	(188, 3135, 1026),
	(189, 3135, 1052),
	(190, 3136, 1028),
	(191, 3136, 1052),
	(192, 3137, 3140),
	(193, 3137, 3101),
	(194, 3001, 1026),
	(195, 3001, 1057),
	(196, 3143, 3082),
	(197, 3143, 1011),
	(198, 3142, 3093),
	(199, 3142, 3134),
	(200, 3145, 1052),
	(201, 3145, 1052),
	(202, 3401, 3097),
	(203, 3401, 3067),
	(204, 3144, 1036),
	(205, 3144, 1053),
	(206, 3211, 1028),
	(207, 3211, 1033),
	(208, 3141, 1036),
	(209, 3140, 1033),
	(210, 3124, 1026),
	(211, 3124, 1037),
	(212, 3029, 3010),
	(213, 3029, 1026),
	(214, 3027, 3010),
	(215, 3027, 1026),
	(216, 3028, 1004),
	(217, 3028, 1033),
	(218, 3028, 1004),
	(219, 3025, 3057),
	(220, 3025, 3024),
	(221, 3026, 1057),
	(222, 3026, 1031),
	(223, 3512, 2053),
	(224, 3512, 1057),
	(225, 3035, 1037),
	(226, 3035, 1036),
	(227, 3031, 1038),
	(228, 3031, 1037),
	(229, 3031, 1018),
	(230, 3222, 3028),
	(231, 3222, 3114),
	(232, 3134, 1036),
	(233, 3134, 1036),
	(234, 3113, 1052),
	(235, 3114, 1004),
	(236, 3114, 1004),
	(237, 3430, 3433),
	(238, 3430, 1052),
	(239, 3115, 3101),
	(240, 3115, 3108),
	(241, 3431, 3433),
	(242, 3431, 1052),
	(243, 3116, 1058),
	(244, 3116, 1052),
	(245, 3116, 1011),
	(246, 3117, 1001),
	(247, 3022, 1028),
	(248, 3022, 1011),
	(249, 3022, 1037),
	(250, 3024, 1027),
	(251, 3024, 1029),
	(252, 3023, 3108),
	(253, 3023, 3113),
	(254, 3020, 1001),
	(255, 3122, 1051),
	(256, 3122, 1036),
	(257, 2053, 1006),
	(258, 2053, 1029),
	(259, 3048, 3007),
	(260, 3047, 1001),
	(261, 3047, 1029),
	(262, 2051, 1006),
	(263, 2051, 1028),
	(264, 3434, 3433),
	(265, 3434, 1052),
	(266, 3197, 3196),
	(267, 3433, 3108),
	(268, 3433, 3114),
	(269, 3198, 3197),
	(270, 3196, 3200),
	(271, 1053, 1036),
	(272, 3191, 1029),
	(273, 3191, 1052),
	(274, 3053, 1011),
	(275, 3053, 1036),
	(276, 3050, 1052),
	(277, 3050, 3024),
	(278, 3050, 1052),
	(279, 3190, 3105),
	(280, 3190, 3067),
	(281, 3056, 2053),
	(282, 3056, 3067),
	(283, 3057, 1027),
	(284, 3057, 1052),
	(285, 2049, 1028),
	(286, 1341, 3158),
	(287, 1340, 3117),
	(288, 3187, 3024),
	(289, 3187, 3067),
	(290, 1339, 3111),
	(291, 3184, 3044),
	(292, 3184, 1037),
	(293, 1043, 1042),
	(294, 1043, 1042),
	(295, 3185, 3122),
	(296, 3185, 1018),
	(297, 1335, 3006),
	(298, 3040, 3003),
	(299, 1336, 3009),
	(300, 3180, 1057),
	(301, 3180, 3010),
	(302, 3041, 1052),
	(303, 1337, 3020),
	(304, 3181, 1037),
	(305, 3181, 1053),
	(306, 3042, 3004),
	(307, 1338, 3047),
	(308, 3043, 3008),
	(309, 1331, 3158),
	(310, 3044, 1028),
	(311, 3044, 1036),
	(312, 1332, 3158),
	(313, 1333, 3158),
	(314, 3046, 1018),
	(315, 3046, 3086),
	(316, 3046, 1042),
	(317, 1334, 3158),
	(318, 3069, 3096),
	(319, 3069, 3114),
	(320, 3070, 1027),
	(321, 3070, 1004),
	(322, 3174, 3108),
	(323, 3174, 3028),
	(324, 3174, 1052),
	(325, 3071, 3044),
	(326, 3071, 3067),
	(327, 3751, 1028),
	(328, 3172, 3101),
	(329, 3172, 1037),
	(330, 1031, 1029),
	(331, 3078, 3086),
	(332, 3078, 3057),
	(333, 3078, 3044),
	(334, 3077, 1037),
	(335, 3077, 1036),
	(336, 3077, 1006),
	(337, 3077, 1006),
	(338, 3074, 3077),
	(339, 3074, 1053),
	(340, 3170, 3191),
	(341, 3170, 1057),
	(342, 3075, 1029),
	(343, 3075, 1031),
	(344, 3652, 1037),
	(345, 3652, 1042),
	(346, 3072, 1053),
	(347, 3072, 1038),
	(348, 3073, 1027),
	(349, 3073, 1004),
	(350, 2045, 2049),
	(351, 2045, 1028),
	(352, 3158, 1001),
	(353, 3157, 3191),
	(354, 3157, 1058),
	(355, 3159, 3106),
	(356, 3159, 1036),
	(357, 3159, 1042),
	(358, 3060, 3105),
	(359, 3060, 3108),
	(360, 3165, 3108),
	(361, 3165, 3114),
	(362, 3165, 1052),
	(363, 3065, 3211),
	(364, 3065, 3067),
	(365, 3067, 1028),
	(366, 3068, 1031),
	(367, 3068, 3751);
/*!40000 ALTER TABLE `ItemBuildsFrom` ENABLE KEYS */;


-- Exportiere Struktur von Tabelle ni50265_1sql1.ItemBuildsInto
CREATE TABLE IF NOT EXISTS `ItemBuildsInto` (
  `ID` int(11) NOT NULL AUTO_INCREMENT,
  `ItemID` int(11) NOT NULL,
  `BuildsIntoID` int(11) NOT NULL,
  PRIMARY KEY (`ID`)
) ENGINE=InnoDB AUTO_INCREMENT=364 DEFAULT CHARSET=latin1;

-- Exportiere Daten aus Tabelle ni50265_1sql1.ItemBuildsInto: ~363 rows (ungefähr)
/*!40000 ALTER TABLE `ItemBuildsInto` DISABLE KEYS */;
INSERT INTO `ItemBuildsInto` (`ID`, `ItemID`, `BuildsIntoID`) VALUES
	(1, 3722, 3932),
	(2, 3086, 3046),
	(3, 3086, 3078),
	(4, 3086, 3087),
	(5, 3082, 3110),
	(6, 3082, 3143),
	(7, 3726, 3933),
	(8, 3711, 3719),
	(9, 3711, 3720),
	(10, 3711, 3721),
	(11, 3711, 3722),
	(12, 3098, 3092),
	(13, 3713, 3723),
	(14, 3713, 3724),
	(15, 3713, 3725),
	(16, 3713, 3726),
	(17, 3710, 3930),
	(18, 3097, 3401),
	(19, 3096, 3069),
	(20, 3093, 3087),
	(21, 3093, 3142),
	(22, 3715, 3714),
	(23, 3715, 3716),
	(24, 3715, 3717),
	(25, 3715, 3718),
	(26, 3718, 3931),
	(27, 3844, 3841),
	(28, 3841, 3840),
	(29, 1058, 3089),
	(30, 1058, 3157),
	(31, 1058, 3003),
	(32, 1058, 3007),
	(33, 1058, 3090),
	(34, 1058, 3116),
	(35, 1058, 3285),
	(36, 1057, 3001),
	(37, 1057, 3026),
	(38, 1057, 3112),
	(39, 1057, 3170),
	(40, 1057, 3180),
	(41, 1057, 3512),
	(42, 3111, 1321),
	(43, 3111, 1323),
	(44, 3111, 1320),
	(45, 3111, 1322),
	(46, 3111, 1324),
	(47, 3111, 1339),
	(48, 3106, 3154),
	(49, 3106, 3159),
	(50, 3108, 3174),
	(51, 3108, 3092),
	(52, 3108, 3115),
	(53, 3108, 3023),
	(54, 3108, 3165),
	(55, 3108, 3152),
	(56, 3108, 3060),
	(57, 3108, 3290),
	(58, 3108, 3433),
	(59, 3105, 3190),
	(60, 3105, 3060),
	(61, 3101, 3115),
	(62, 3101, 3172),
	(63, 3101, 3137),
	(64, 3245, 3006),
	(65, 3245, 3047),
	(66, 3245, 3020),
	(67, 3245, 3158),
	(68, 3245, 3111),
	(69, 3245, 3117),
	(70, 3245, 3009),
	(71, 3801, 3105),
	(72, 3801, 3083),
	(73, 3801, 3084),
	(74, 3801, 3102),
	(75, 3801, 3800),
	(76, 3801, 3911),
	(77, 3706, 3707),
	(78, 3706, 3708),
	(79, 3706, 3709),
	(80, 3706, 3710),
	(81, 1004, 3028),
	(82, 1004, 3070),
	(83, 1004, 3073),
	(84, 1004, 3114),
	(85, 1001, 3006),
	(86, 1001, 3047),
	(87, 1001, 3020),
	(88, 1001, 3158),
	(89, 1001, 3111),
	(90, 1001, 3117),
	(91, 1001, 3009),
	(92, 1006, 3077),
	(93, 1006, 3112),
	(94, 1006, 2051),
	(95, 1006, 2053),
	(96, 1006, 3801),
	(97, 3006, 1301),
	(98, 3006, 1303),
	(99, 3006, 1300),
	(100, 3006, 1302),
	(101, 3006, 1304),
	(102, 3006, 1335),
	(103, 3003, 3040),
	(104, 3004, 3042),
	(105, 3009, 1306),
	(106, 3009, 1308),
	(107, 3009, 1305),
	(108, 3009, 1307),
	(109, 3009, 1309),
	(110, 3009, 1336),
	(111, 3007, 3048),
	(112, 3008, 3043),
	(113, 3342, 3363),
	(114, 3341, 3364),
	(115, 3340, 3361),
	(116, 3340, 3362),
	(117, 3010, 3027),
	(118, 3010, 3029),
	(119, 3010, 3180),
	(120, 3010, 3800),
	(121, 3155, 3156),
	(122, 3200, 3196),
	(123, 1011, 3083),
	(124, 1011, 3143),
	(125, 1011, 3116),
	(126, 1011, 3022),
	(127, 1011, 3084),
	(128, 1011, 3053),
	(129, 1011, 3742),
	(130, 1011, 3748),
	(131, 3136, 3151),
	(132, 3136, 3829),
	(133, 3145, 3146),
	(134, 3145, 3152),
	(135, 3144, 3146),
	(136, 3144, 3153),
	(137, 3211, 3065),
	(138, 3211, 3102),
	(139, 3140, 3139),
	(140, 3140, 3137),
	(141, 3028, 3174),
	(142, 3028, 3222),
	(143, 3028, 3744),
	(144, 3028, 3745),
	(145, 3134, 3142),
	(146, 3134, 3707),
	(147, 3134, 3714),
	(148, 3134, 3719),
	(149, 3134, 3723),
	(150, 3113, 3023),
	(151, 3113, 3290),
	(152, 3113, 3100),
	(153, 3113, 3285),
	(154, 3113, 3504),
	(155, 3114, 3069),
	(156, 3114, 3165),
	(157, 3114, 3222),
	(158, 3114, 3433),
	(159, 3114, 3504),
	(160, 3114, 3840),
	(161, 3117, 1326),
	(162, 3117, 1328),
	(163, 3117, 1325),
	(164, 3117, 1327),
	(165, 3117, 1329),
	(166, 3117, 1340),
	(167, 3024, 3110),
	(168, 3024, 3025),
	(169, 3024, 3050),
	(170, 3024, 3187),
	(171, 3020, 1311),
	(172, 3020, 1313),
	(173, 3020, 1310),
	(174, 3020, 1312),
	(175, 3020, 1314),
	(176, 3020, 1337),
	(177, 3122, 3104),
	(178, 3122, 3185),
	(179, 2053, 3056),
	(180, 2053, 3512),
	(181, 3047, 1316),
	(182, 3047, 1318),
	(183, 3047, 1315),
	(184, 3047, 1317),
	(185, 3047, 1319),
	(186, 3047, 1338),
	(187, 1051, 3086),
	(188, 1051, 3093),
	(189, 1051, 3122),
	(190, 3197, 3198),
	(191, 3433, 3430),
	(192, 3433, 3431),
	(193, 3433, 3434),
	(194, 3196, 3197),
	(195, 1052, 3108),
	(196, 1052, 3191),
	(197, 1052, 3057),
	(198, 1052, 3136),
	(199, 1052, 3135),
	(200, 1052, 3145),
	(201, 1052, 3113),
	(202, 1052, 3090),
	(203, 1052, 3116),
	(204, 1052, 3041),
	(205, 1052, 3050),
	(206, 1052, 3089),
	(207, 1052, 3165),
	(208, 1052, 3174),
	(209, 1052, 3430),
	(210, 1052, 3431),
	(211, 1052, 3434),
	(212, 1052, 3744),
	(213, 1053, 3144),
	(214, 1053, 3181),
	(215, 1053, 3072),
	(216, 1053, 3074),
	(217, 1053, 3508),
	(218, 1053, 3150),
	(219, 1053, 3924),
	(220, 3191, 3090),
	(221, 3191, 3157),
	(222, 3191, 3170),
	(223, 3057, 3078),
	(224, 3057, 3100),
	(225, 3057, 3025),
	(226, 3057, 3708),
	(227, 3057, 3716),
	(228, 3057, 3720),
	(229, 3057, 3724),
	(230, 2049, 2045),
	(231, 3301, 3096),
	(232, 3303, 3098),
	(233, 3302, 3097),
	(234, 1037, 3035),
	(235, 1037, 3124),
	(236, 1037, 3031),
	(237, 1037, 3156),
	(238, 1037, 3077),
	(239, 1037, 3104),
	(240, 1037, 3184),
	(241, 1037, 3004),
	(242, 1037, 3008),
	(243, 1037, 3022),
	(244, 1037, 3150),
	(245, 1037, 3172),
	(246, 1037, 3181),
	(247, 1037, 3652),
	(248, 1036, 1053),
	(249, 1036, 3044),
	(250, 1036, 3134),
	(251, 1036, 3155),
	(252, 1036, 3077),
	(253, 1036, 3035),
	(254, 1036, 3154),
	(255, 1036, 3141),
	(256, 1036, 3144),
	(257, 1036, 3122),
	(258, 1036, 3053),
	(259, 1036, 3159),
	(260, 1036, 3924),
	(261, 1039, 3706),
	(262, 1039, 3711),
	(263, 1039, 3715),
	(264, 1039, 3713),
	(265, 1038, 3031),
	(266, 1038, 3072),
	(267, 1038, 3139),
	(268, 1038, 3508),
	(269, 1042, 3006),
	(270, 1042, 3106),
	(271, 1042, 3086),
	(272, 1042, 3101),
	(273, 1042, 1043),
	(274, 1042, 3085),
	(275, 1042, 3046),
	(276, 1042, 3154),
	(277, 1042, 3091),
	(278, 1042, 3159),
	(279, 1042, 3652),
	(280, 1043, 3091),
	(281, 1043, 3153),
	(282, 1043, 3085),
	(283, 1043, 3710),
	(284, 1043, 3718),
	(285, 1043, 3726),
	(286, 1043, 3722),
	(287, 3044, 3078),
	(288, 3044, 3071),
	(289, 3044, 3184),
	(290, 1029, 3047),
	(291, 1029, 1031),
	(292, 1029, 3191),
	(293, 1029, 3024),
	(294, 1029, 3082),
	(295, 1029, 3075),
	(296, 1029, 2053),
	(297, 1028, 1011),
	(298, 1028, 2049),
	(299, 1028, 2045),
	(300, 1028, 2051),
	(301, 1028, 3010),
	(302, 1028, 3022),
	(303, 1028, 3044),
	(304, 1028, 3067),
	(305, 1028, 3801),
	(306, 1028, 3211),
	(307, 1028, 3751),
	(308, 1028, 3136),
	(309, 1028, 3829),
	(310, 1027, 3057),
	(311, 1027, 3070),
	(312, 1027, 3073),
	(313, 1027, 3010),
	(314, 1027, 3024),
	(315, 1026, 3001),
	(316, 1026, 3135),
	(317, 1026, 3027),
	(318, 1026, 3029),
	(319, 1026, 3089),
	(320, 1026, 3124),
	(321, 1026, 3151),
	(322, 3070, 3003),
	(323, 3070, 3004),
	(324, 1033, 3111),
	(325, 1033, 3211),
	(326, 1033, 1057),
	(327, 1033, 3028),
	(328, 1033, 3140),
	(329, 1033, 3155),
	(330, 1033, 3105),
	(331, 1033, 3091),
	(332, 3751, 3068),
	(333, 3751, 3709),
	(334, 3751, 3717),
	(335, 3751, 3721),
	(336, 3751, 3725),
	(337, 1031, 3075),
	(338, 1031, 3068),
	(339, 1031, 3026),
	(340, 1031, 3742),
	(341, 3077, 3074),
	(342, 3077, 3748),
	(343, 3073, 3007),
	(344, 3073, 3008),
	(345, 3158, 1331),
	(346, 3158, 1333),
	(347, 3158, 1330),
	(348, 3158, 1332),
	(349, 3158, 1334),
	(350, 3158, 1341),
	(351, 1018, 3046),
	(352, 1018, 3031),
	(353, 1018, 3104),
	(354, 1018, 3185),
	(355, 1018, 3150),
	(356, 3067, 3187),
	(357, 3067, 3190),
	(358, 3067, 3401),
	(359, 3067, 3065),
	(360, 3067, 3056),
	(361, 3067, 3071),
	(362, 3067, 3745),
	(363, 3067, 3911);
/*!40000 ALTER TABLE `ItemBuildsInto` ENABLE KEYS */;


-- Exportiere Struktur von Tabelle ni50265_1sql1.Items
CREATE TABLE IF NOT EXISTS `Items` (
  `ID` int(10) unsigned NOT NULL,
  `Gold` int(10) unsigned NOT NULL,
  `Image` varchar(100) NOT NULL,
  `Name` varchar(60) NOT NULL,
  `Description` text NOT NULL,
  PRIMARY KEY (`ID`)
) ENGINE=InnoDB DEFAULT CHARSET=latin1;

-- Exportiere Daten aus Tabelle ni50265_1sql1.Items: ~282 rows (ungefähr)
/*!40000 ALTER TABLE `Items` DISABLE KEYS */;
INSERT INTO `Items` (`ID`, `Gold`, `Image`, `Name`, `Description`) VALUES
	(1001, 325, 'http://lkimg.zamimg.com/images/v2/items/icons/size32x32/1001.png', 'Boots of Speed', '<groupLimit>Limited to 1.</groupLimit><br><br><unique>UNIQUE Passive - Enhanced Movement:</unique> +25 Movement Speed<br><br><i>(Unique Passives with the same name don\'t stack.)</i>'),
	(1004, 180, 'http://lkimg.zamimg.com/images/v2/items/icons/size32x32/1004.png', 'Faerie Charm', '<stats><mana>+25% Base Mana Regen </mana></stats>'),
	(1006, 180, 'http://lkimg.zamimg.com/images/v2/items/icons/size32x32/1006.png', 'Rejuvenation Bead', '<stats>+50% Base Health Regen </stats>'),
	(1011, 1000, 'http://lkimg.zamimg.com/images/v2/items/icons/size32x32/1011.png', 'Giant\'s Belt', '<stats>+380 Health</stats>'),
	(1018, 730, 'http://lkimg.zamimg.com/images/v2/items/icons/size32x32/1018.png', 'Cloak of Agility', '<stats>+15% Critical Strike Chance</stats>'),
	(1026, 850, 'http://lkimg.zamimg.com/images/v2/items/icons/size32x32/1026.png', 'Blasting Wand', '<stats>+40 Ability Power</stats>'),
	(1027, 400, 'http://lkimg.zamimg.com/images/v2/items/icons/size32x32/1027.png', 'Sapphire Crystal', '<stats><mana>+200 Mana</mana></stats>'),
	(1028, 400, 'http://lkimg.zamimg.com/images/v2/items/icons/size32x32/1028.png', 'Ruby Crystal', '<stats>+150 Health</stats>'),
	(1029, 300, 'http://lkimg.zamimg.com/images/v2/items/icons/size32x32/1029.png', 'Cloth Armor', '<stats>+15 Armor</stats>'),
	(1031, 750, 'http://lkimg.zamimg.com/images/v2/items/icons/size32x32/1031.png', 'Chain Vest', '<stats>+40 Armor</stats>'),
	(1033, 450, 'http://lkimg.zamimg.com/images/v2/items/icons/size32x32/1033.png', 'Null-Magic Mantle', '<stats>+25 Magic Resist</stats>'),
	(1036, 360, 'http://lkimg.zamimg.com/images/v2/items/icons/size32x32/1036.png', 'Long Sword', '<stats>+10 Attack Damage</stats>'),
	(1037, 875, 'http://lkimg.zamimg.com/images/v2/items/icons/size32x32/1037.png', 'Pickaxe', '<stats>+25 Attack Damage</stats>'),
	(1038, 1550, 'http://lkimg.zamimg.com/images/v2/items/icons/size32x32/1038.png', 'B. F. Sword', '<stats>+50 Attack Damage</stats>'),
	(1039, 400, 'http://lkimg.zamimg.com/images/v2/items/icons/size32x32/1039.png', 'Hunter\'s Machete', '<stats>+15 Bonus Gold per Large Monster Kill</stats><br><passive>Passive - Jungler:</passive> Deal 30 magic damage on hit to monsters over 2 seconds and gain 7 Health and 4 Mana per second while under attack from neutral monsters.<br><br><groupLimit>Limited to 1 Jungle item</groupLimit>'),
	(1042, 450, 'http://lkimg.zamimg.com/images/v2/items/icons/size32x32/1042.png', 'Dagger', '<stats>+15% Attack Speed</stats>'),
	(1043, 1100, 'http://lkimg.zamimg.com/images/v2/items/icons/size32x32/1043.png', 'Recurve Bow', '<stats>+30% Attack Speed</stats><br><br><unique>UNIQUE Passive:</unique> Basic attacks deal an additional 10 physical damage on hit.'),
	(1051, 400, 'http://lkimg.zamimg.com/images/v2/items/icons/size32x32/1051.png', 'Brawler\'s Gloves', '<stats>+8% Critical Strike Chance</stats>'),
	(1052, 435, 'http://lkimg.zamimg.com/images/v2/items/icons/size32x32/1052.png', 'Amplifying Tome', '<stats>+20 Ability Power</stats>'),
	(1053, 800, 'http://lkimg.zamimg.com/images/v2/items/icons/size32x32/1053.png', 'Vampiric Scepter', '<stats>+10 Attack Damage<br>+8% Life Steal</stats>'),
	(1054, 440, 'http://lkimg.zamimg.com/images/v2/items/icons/size32x32/1054.png', 'Doran\'s Shield', '<stats>+80 Health</stats><br><br><unique>Passive: </unique> Restores 6 Health every 5 seconds.<br><unique>UNIQUE Passive:</unique> Blocks 8 damage from single target attacks and spells from champions.'),
	(1055, 440, 'http://lkimg.zamimg.com/images/v2/items/icons/size32x32/1055.png', 'Doran\'s Blade', '<stats>+70 Health<br>+7 Attack Damage<br>+3% Life Steal</stats>'),
	(1056, 400, 'http://lkimg.zamimg.com/images/v2/items/icons/size32x32/1056.png', 'Doran\'s Ring', '<stats>+60 Health<br>+15 Ability Power</stats><br><br><passive>Passive:</passive> <mana>+3 Mana Regen per 5 seconds.<br><passive>Passive:</passive> Restores 4 Mana upon killing a unit.</mana>'),
	(1057, 800, 'http://lkimg.zamimg.com/images/v2/items/icons/size32x32/1057.png', 'Negatron Cloak', '<stats>+45 Magic Resist</stats>'),
	(1058, 1250, 'http://lkimg.zamimg.com/images/v2/items/icons/size32x32/1058.png', 'Needlessly Large Rod', '<stats>+60 Ability Power</stats>'),
	(1062, 950, 'http://lkimg.zamimg.com/images/v2/items/icons/size32x32/1062.png', 'Prospector\'s Blade', '<stats>+16 Attack Damage<br>+15% Attack Speed </stats><br><br><unique>UNIQUE Passive - Prospector:</unique> +150 Health<br><br><i>(Unique Passives with the same name don\'t stack.)</i>'),
	(1063, 950, 'http://lkimg.zamimg.com/images/v2/items/icons/size32x32/1063.png', 'Prospector\'s Ring', '<stats>+35 Ability Power</stats><br><br><unique>Passive :</unique> <mana>+6 Mana Regen per 5 seconds</mana><br><unique>UNIQUE Passive - Prospector:</unique> +150 Health<br><br><i>(Unique Passives with the same name don\'t stack.)</i>'),
	(1074, 440, 'http://lkimg.zamimg.com/images/v2/items/icons/size32x32/1074.png', 'Doran\'s Shield (Showdown)', '<stats>+100 Health<br>+10 Health Regen per 5 seconds</stats><br><br><unique>UNIQUE Passive:</unique> Blocks 8 damage from champion basic attacks.<br><br><groupLimit>Limited to 2 Doran\'s items on Showdown</groupLimit><br><br>'),
	(1075, 440, 'http://lkimg.zamimg.com/images/v2/items/icons/size32x32/1075.png', 'Doran\'s Blade (Showdown)', '<stats>+70 Health<br>+7 Attack Damage<br>+3% Life Steal</stats><br><br><groupLimit>Limited to 2 Doran\'s items on Showdown</groupLimit><br><br>'),
	(1076, 400, 'http://lkimg.zamimg.com/images/v2/items/icons/size32x32/1076.png', 'Doran\'s Ring (Showdown)', '<stats>+60 Health<br>+15 Ability Power<br>+3 Mana Regen per 5 seconds</stats><br><br><passive>Passive:</passive> Restores 4 Mana upon killing a unit.<br><br><groupLimit>Limited to 2 Doran\'s items on Showdown</groupLimit><br><br>'),
	(1300, 1475, 'http://lkimg.zamimg.com/images/v2/items/icons/size32x32/1300.png', 'Enchantment: Furor', '<groupLimit>Limited to 1 of each enchantment type.</groupLimit><br>Enchants boots to have Furor bonus.<br><br><unique>UNIQUE Passive - Furor:</unique> Upon dealing damage with a single target spell or attack (on hit), grants +12% Movement Speed that decays over 2 seconds.<br><br><i>(Unique Passives with the same name don\'t stack.)</i>'),
	(1301, 1475, 'http://lkimg.zamimg.com/images/v2/items/icons/size32x32/1301.png', 'Enchantment: Alacrity', '<groupLimit>Limited to 1 of each enchantment type.</groupLimit><br>Enchants boots to have Alacrity bonus. <br><br><unique>UNIQUE Passive - Alacrity:</unique> +20 Movement Speed<br><br><i>(Unique Passives with the same name don\'t stack.)</i>'),
	(1302, 1600, 'http://lkimg.zamimg.com/images/v2/items/icons/size32x32/1302.png', 'Enchantment: Captain', '<groupLimit>Limited to 1 of each enchantment type.</groupLimit><br>Enchants boots to have Captain bonus.<br><br><unique>UNIQUE Passive - Captain:</unique> Grants +10% Movement Speed to nearby approaching allied champions.<br><br><i>(Unique Passives with the same name don\'t stack.)</i>'),
	(1303, 1475, 'http://lkimg.zamimg.com/images/v2/items/icons/size32x32/1303.png', 'Enchantment: Distortion', '<groupLimit>Limited to 1 of each enchantment type.</groupLimit><br>Enchants boots to have Distortion bonus.<br><br><unique>UNIQUE Passive - Distortion:</unique> Teleport, Flash, and Ghost summoner spell cooldowns are reduced by 20% and are granted additional mobility: <br><br><font color=\'#FFDD00\'>Ghost:</font> Grants 40% Movement Speed from 27%.<br><font color=\'#FFDD00\'>Flash:</font> 20% Movement Speed bonus for 1 second after cast.<br><font color=\'#FFDD00\'>Teleport:</font> 30% Movement Speed bonus for 3 seconds after use.<br><br><i>(Unique Passives with the same name don\'t stack.)</i>'),
	(1304, 1475, 'http://lkimg.zamimg.com/images/v2/items/icons/size32x32/1304.png', 'Enchantment: Homeguard', '<groupLimit>Limited to 1 of each enchantment type.</groupLimit><br>Enchants boots to have Homeguard bonus.<br><br><unique>UNIQUE Passive - Homeguard:</unique> Visiting the shop vastly increases Health and Mana Regeneration and grants 200% bonus Movement Speed that decays over 8 seconds. Bonus Movement Speed and regeneration are disabled for 6 seconds upon dealing or taking damage.<br><br><i>(Unique Passives with the same name don\'t stack.)</i>'),
	(1305, 1475, 'http://lkimg.zamimg.com/images/v2/items/icons/size32x32/1305.png', 'Enchantment: Furor', '<groupLimit>Limited to 1 of each enchantment type.</groupLimit><br>Enchants boots to have Furor bonus.<br><br><unique>UNIQUE Passive - Furor:</unique> Upon dealing damage with a single target spell or attack (on hit), grants +12% Movement Speed that decays over 2 seconds.<br><br><i>(Unique Passives with the same name don\'t stack.)</i>'),
	(1306, 1475, 'http://lkimg.zamimg.com/images/v2/items/icons/size32x32/1306.png', 'Enchantment: Alacrity', '<groupLimit>Limited to 1 of each enchantment type.</groupLimit><br>Enchants boots to have Alacrity bonus. <br><br><unique>UNIQUE Passive - Alacrity:</unique> +20 Movement Speed<br><br><i>(Unique Passives with the same name don\'t stack.)</i>'),
	(1307, 1600, 'http://lkimg.zamimg.com/images/v2/items/icons/size32x32/1307.png', 'Enchantment: Captain', '<groupLimit>Limited to 1 of each enchantment type.</groupLimit><br>Enchants boots to have Captain bonus.<br><br><unique>UNIQUE Passive - Captain:</unique> Grants +10% Movement Speed to nearby approaching allied champions.<br><br><i>(Unique Passives with the same name don\'t stack.)</i>'),
	(1308, 1475, 'http://lkimg.zamimg.com/images/v2/items/icons/size32x32/1308.png', 'Enchantment: Distortion', '<groupLimit>Limited to 1 of each enchantment type.</groupLimit><br>Enchants boots to have Distortion bonus.<br><br><unique>UNIQUE Passive - Distortion:</unique> Teleport, Flash, and Ghost summoner spell cooldowns are reduced by 20% and are granted additional mobility: <br><br><font color=\'#FFDD00\'>Ghost:</font> Grants 40% Movement Speed from 27%.<br><font color=\'#FFDD00\'>Flash:</font> 20% Movement Speed bonus for 1 second after cast.<br><font color=\'#FFDD00\'>Teleport:</font> 30% Movement Speed bonus for 3 seconds after use.<br><br><i>(Unique Passives with the same name don\'t stack.)</i>'),
	(1309, 1475, 'http://lkimg.zamimg.com/images/v2/items/icons/size32x32/1309.png', 'Enchantment: Homeguard', '<groupLimit>Limited to 1 of each enchantment type.</groupLimit><br>Enchants boots to have Homeguard bonus.<br><br><unique>UNIQUE Passive - Homeguard:</unique> Visiting the shop vastly increases Health and Mana Regeneration and grants 200% bonus Movement Speed that decays over 8 seconds. Bonus Movement Speed and regeneration are disabled for 6 seconds upon dealing or taking damage.<br><br><i>(Unique Passives with the same name don\'t stack.)</i>'),
	(1310, 1575, 'http://lkimg.zamimg.com/images/v2/items/icons/size32x32/1310.png', 'Enchantment: Furor', '<groupLimit>Limited to 1 of each enchantment type.</groupLimit><br>Enchants boots to have Furor bonus.<br><br><unique>UNIQUE Passive - Furor:</unique> Upon dealing damage with a single target spell or attack (on hit), grants +12% Movement Speed that decays over 2 seconds.<br><br><i>(Unique Passives with the same name don\'t stack.)</i>'),
	(1311, 1575, 'http://lkimg.zamimg.com/images/v2/items/icons/size32x32/1311.png', 'Enchantment: Alacrity', '<groupLimit>Limited to 1 of each enchantment type.</groupLimit><br>Enchants boots to have Alacrity bonus. <br><br><unique>UNIQUE Passive - Alacrity:</unique> +20 Movement Speed<br><br><i>(Unique Passives with the same name don\'t stack.)</i>'),
	(1312, 1700, 'http://lkimg.zamimg.com/images/v2/items/icons/size32x32/1312.png', 'Enchantment: Captain', '<groupLimit>Limited to 1 of each enchantment type.</groupLimit><br>Enchants boots to have Captain bonus.<br><br><unique>UNIQUE Passive - Captain:</unique> Grants +10% Movement Speed to nearby approaching allied champions.<br><br><i>(Unique Passives with the same name don\'t stack.)</i>'),
	(1313, 1575, 'http://lkimg.zamimg.com/images/v2/items/icons/size32x32/1313.png', 'Enchantment: Distortion', '<groupLimit>Limited to 1 of each enchantment type.</groupLimit><br>Enchants boots to have Distortion bonus.<br><br><unique>UNIQUE Passive - Distortion:</unique> Teleport, Flash, and Ghost summoner spell cooldowns are reduced by 20% and are granted additional mobility: <br><br><font color=\'#FFDD00\'>Ghost:</font> Grants 40% Movement Speed from 27%.<br><font color=\'#FFDD00\'>Flash:</font> 20% Movement Speed bonus for 1 second after cast.<br><font color=\'#FFDD00\'>Teleport:</font> 30% Movement Speed bonus for 3 seconds after use.<br><br><i>(Unique Passives with the same name don\'t stack.)</i>'),
	(1314, 1575, 'http://lkimg.zamimg.com/images/v2/items/icons/size32x32/1314.png', 'Enchantment: Homeguard', '<groupLimit>Limited to 1 of each enchantment type.</groupLimit><br>Enchants boots to have Homeguard bonus.<br><br><unique>UNIQUE Passive - Homeguard:</unique> Visiting the shop vastly increases Health and Mana Regeneration and grants 200% bonus Movement Speed that decays over 8 seconds. Bonus Movement Speed and regeneration are disabled for 6 seconds upon dealing or taking damage.<br><br><i>(Unique Passives with the same name don\'t stack.)</i>'),
	(1315, 1475, 'http://lkimg.zamimg.com/images/v2/items/icons/size32x32/1315.png', 'Enchantment: Furor', '<groupLimit>Limited to 1 of each enchantment type.</groupLimit><br>Enchants boots to have Furor bonus.<br><br><unique>UNIQUE Passive - Furor:</unique> Upon dealing damage with a single target spell or attack (on hit), grants +12% Movement Speed that decays over 2 seconds.<br><br><i>(Unique Passives with the same name don\'t stack.)</i>'),
	(1316, 1475, 'http://lkimg.zamimg.com/images/v2/items/icons/size32x32/1316.png', 'Enchantment: Alacrity', '<groupLimit>Limited to 1 of each enchantment type.</groupLimit><br>Enchants boots to have Alacrity bonus. <br><br><unique>UNIQUE Passive - Alacrity:</unique> +20 Movement Speed<br><br><i>(Unique Passives with the same name don\'t stack.)</i>'),
	(1317, 1600, 'http://lkimg.zamimg.com/images/v2/items/icons/size32x32/1317.png', 'Enchantment: Captain', '<groupLimit>Limited to 1 of each enchantment type.</groupLimit><br>Enchants boots to have Captain bonus.<br><br><unique>UNIQUE Passive - Captain:</unique> Grants +10% Movement Speed to nearby approaching allied champions.<br><br><i>(Unique Passives with the same name don\'t stack.)</i>'),
	(1318, 1475, 'http://lkimg.zamimg.com/images/v2/items/icons/size32x32/1318.png', 'Enchantment: Distortion', '<groupLimit>Limited to 1 of each enchantment type.</groupLimit><br>Enchants boots to have Distortion bonus.<br><br><unique>UNIQUE Passive - Distortion:</unique> Teleport, Flash, and Ghost summoner spell cooldowns are reduced by 20% and are granted additional mobility: <br><br><font color=\'#FFDD00\'>Ghost:</font> Grants 40% Movement Speed from 27%.<br><font color=\'#FFDD00\'>Flash:</font> 20% Movement Speed bonus for 1 second after cast.<br><font color=\'#FFDD00\'>Teleport:</font> 30% Movement Speed bonus for 3 seconds after use.<br><br><i>(Unique Passives with the same name don\'t stack.)</i>'),
	(1319, 1475, 'http://lkimg.zamimg.com/images/v2/items/icons/size32x32/1319.png', 'Enchantment: Homeguard', '<groupLimit>Limited to 1 of each enchantment type.</groupLimit><br>Enchants boots to have Homeguard bonus.<br><br><unique>UNIQUE Passive - Homeguard:</unique> Visiting the shop vastly increases Health and Mana Regeneration and grants 200% bonus Movement Speed that decays over 8 seconds. Bonus Movement Speed and regeneration are disabled for 6 seconds upon dealing or taking damage.<br><br><i>(Unique Passives with the same name don\'t stack.)</i>'),
	(1320, 1675, 'http://lkimg.zamimg.com/images/v2/items/icons/size32x32/1320.png', 'Enchantment: Furor', '<groupLimit>Limited to 1 of each enchantment type.</groupLimit><br>Enchants boots to have Furor bonus.<br><br><unique>UNIQUE Passive - Furor:</unique> Upon dealing damage with a single target spell or attack (on hit), grants +12% Movement Speed that decays over 2 seconds.<br><br><i>(Unique Passives with the same name don\'t stack.)</i>'),
	(1321, 1675, 'http://lkimg.zamimg.com/images/v2/items/icons/size32x32/1321.png', 'Enchantment: Alacrity', '<groupLimit>Limited to 1 of each enchantment type.</groupLimit><br>Enchants boots to have Alacrity bonus. <br><br><unique>UNIQUE Passive - Alacrity:</unique> +20 Movement Speed<br><br><i>(Unique Passives with the same name don\'t stack.)</i>'),
	(1322, 1800, 'http://lkimg.zamimg.com/images/v2/items/icons/size32x32/1322.png', 'Enchantment: Captain', '<groupLimit>Limited to 1 of each enchantment type.</groupLimit><br>Enchants boots to have Captain bonus.<br><br><unique>UNIQUE Passive - Captain:</unique> Grants +10% Movement Speed to nearby approaching allied champions.<br><br><i>(Unique Passives with the same name don\'t stack.)</i>'),
	(1323, 1675, 'http://lkimg.zamimg.com/images/v2/items/icons/size32x32/1323.png', 'Enchantment: Distortion', '<groupLimit>Limited to 1 of each enchantment type.</groupLimit><br>Enchants boots to have Distortion bonus.<br><br><unique>UNIQUE Passive - Distortion:</unique> Teleport, Flash, and Ghost summoner spell cooldowns are reduced by 20% and are granted additional mobility: <br><br><font color=\'#FFDD00\'>Ghost:</font> Grants 40% Movement Speed from 27%.<br><font color=\'#FFDD00\'>Flash:</font> 20% Movement Speed bonus for 1 second after cast.<br><font color=\'#FFDD00\'>Teleport:</font> 30% Movement Speed bonus for 3 seconds after use.<br><br><i>(Unique Passives with the same name don\'t stack.)</i>'),
	(1324, 1675, 'http://lkimg.zamimg.com/images/v2/items/icons/size32x32/1324.png', 'Enchantment: Homeguard', '<groupLimit>Limited to 1 of each enchantment type.</groupLimit><br>Enchants boots to have Homeguard bonus.<br><br><unique>UNIQUE Passive - Homeguard:</unique> Visiting the shop vastly increases Health and Mana Regeneration and grants 200% bonus Movement Speed that decays over 8 seconds. Bonus Movement Speed and regeneration are disabled for 6 seconds upon dealing or taking damage.<br><br><i>(Unique Passives with the same name don\'t stack.)</i>'),
	(1325, 1275, 'http://lkimg.zamimg.com/images/v2/items/icons/size32x32/1325.png', 'Enchantment: Furor', '<groupLimit>Limited to 1 of each enchantment type.</groupLimit><br>Enchants boots to have Furor bonus.<br><br><unique>UNIQUE Passive - Furor:</unique> Upon dealing damage with a single target spell or attack (on hit), grants +12% Movement Speed that decays over 2 seconds.<br><br><i>(Unique Passives with the same name don\'t stack.)</i>'),
	(1326, 1275, 'http://lkimg.zamimg.com/images/v2/items/icons/size32x32/1326.png', 'Enchantment: Alacrity', '<groupLimit>Limited to 1 of each enchantment type.</groupLimit><br>Enchants boots to have Alacrity bonus. <br><br><unique>UNIQUE Passive - Alacrity:</unique> +20 Movement Speed<br><br><i>(Unique Passives with the same name don\'t stack.)</i>'),
	(1327, 1400, 'http://lkimg.zamimg.com/images/v2/items/icons/size32x32/1327.png', 'Enchantment: Captain', '<groupLimit>Limited to 1 of each enchantment type.</groupLimit><br>Enchants boots to have Captain bonus.<br><br><unique>UNIQUE Passive - Captain:</unique> Grants +10% Movement Speed to nearby approaching allied champions.<br><br><i>(Unique Passives with the same name don\'t stack.)</i>'),
	(1328, 1275, 'http://lkimg.zamimg.com/images/v2/items/icons/size32x32/1328.png', 'Enchantment: Distortion', '<groupLimit>Limited to 1 of each enchantment type.</groupLimit><br>Enchants boots to have Distortion bonus.<br><br><unique>UNIQUE Passive - Distortion:</unique> Teleport, Flash, and Ghost summoner spell cooldowns are reduced by 20% and are granted additional mobility: <br><br><font color=\'#FFDD00\'>Ghost:</font> Grants 40% Movement Speed from 27%.<br><font color=\'#FFDD00\'>Flash:</font> 20% Movement Speed bonus for 1 second after cast.<br><font color=\'#FFDD00\'>Teleport:</font> 30% Movement Speed bonus for 3 seconds after use.<br><br><i>(Unique Passives with the same name don\'t stack.)</i>'),
	(1329, 1275, 'http://lkimg.zamimg.com/images/v2/items/icons/size32x32/1329.png', 'Enchantment: Homeguard', '<groupLimit>Limited to 1 of each enchantment type.</groupLimit><br>Enchants boots to have Homeguard bonus.<br><br><unique>UNIQUE Passive - Homeguard:</unique> Visiting the shop vastly increases Health and Mana Regeneration and grants 200% bonus Movement Speed that decays over 8 seconds. Bonus Movement Speed and regeneration are disabled for 6 seconds upon dealing or taking damage.<br><br><i>(Unique Passives with the same name don\'t stack.)</i>'),
	(1330, 1475, 'http://lkimg.zamimg.com/images/v2/items/icons/size32x32/1330.png', 'Enchantment: Furor', '<groupLimit>Limited to 1 of each enchantment type.</groupLimit><br>Enchants boots to have Furor bonus.<br><br><unique>UNIQUE Passive - Furor:</unique> Upon dealing damage with a single target spell or attack (on hit), grants +12% Movement Speed that decays over 2 seconds.<br><br><i>(Unique Passives with the same name don\'t stack.)</i>'),
	(1331, 1475, 'http://lkimg.zamimg.com/images/v2/items/icons/size32x32/1331.png', 'Enchantment: Alacrity', '<groupLimit>Limited to 1 of each enchantment type.</groupLimit><br>Enchants boots to have Alacrity bonus. <br><br><unique>UNIQUE Passive - Alacrity:</unique> +20 Movement Speed<br><br><i>(Unique Passives with the same name don\'t stack.)</i>'),
	(1332, 1600, 'http://lkimg.zamimg.com/images/v2/items/icons/size32x32/1332.png', 'Enchantment: Captain', '<groupLimit>Limited to 1 of each enchantment type.</groupLimit><br>Enchants boots to have Captain bonus.<br><br><unique>UNIQUE Passive - Captain:</unique> Grants +10% Movement Speed to nearby approaching allied champions.<br><br><i>(Unique Passives with the same name don\'t stack.)</i>'),
	(1333, 1475, 'http://lkimg.zamimg.com/images/v2/items/icons/size32x32/1333.png', 'Enchantment: Distortion', '<groupLimit>Limited to 1 of each enchantment type.</groupLimit><br>Enchants boots to have Distortion bonus.<br><br><unique>UNIQUE Passive - Distortion:</unique> Teleport, Flash, and Ghost summoner spell cooldowns are reduced by 20% and are granted additional mobility: <br><br><font color=\'#FFDD00\'>Ghost:</font> Grants 40% Movement Speed from 27%.<br><font color=\'#FFDD00\'>Flash:</font> 20% Movement Speed bonus for 1 second after cast.<br><font color=\'#FFDD00\'>Teleport:</font> 30% Movement Speed bonus for 3 seconds after use.<br><br><i>(Unique Passives with the same name don\'t stack.)</i>'),
	(1334, 1475, 'http://lkimg.zamimg.com/images/v2/items/icons/size32x32/1334.png', 'Enchantment: Homeguard', '<groupLimit>Limited to 1 of each enchantment type.</groupLimit><br>Enchants boots to have Homeguard bonus.<br><br><unique>UNIQUE Passive - Homeguard:</unique> Visiting the shop vastly increases Health and Mana Regeneration and grants 200% bonus Movement Speed that decays over 8 seconds. Bonus Movement Speed and regeneration are disabled for 6 seconds upon dealing or taking damage.<br><br><i>(Unique Passives with the same name don\'t stack.)</i>'),
	(1335, 1600, 'http://lkimg.zamimg.com/images/v2/items/icons/size32x32/1335.png', 'Enchantment: Teleport', '<groupLimit>Limited to 1 of each enchantment type.</groupLimit><br>Enchants boots to have Teleport Active.<br><br><unique>UNIQUE Active - Teleport:</unique> Teleport to target allied object (240s CD) (60s CD on purchase)'),
	(1336, 1600, 'http://lkimg.zamimg.com/images/v2/items/icons/size32x32/1336.png', 'Enchantment: Teleport', '<groupLimit>Limited to 1 of each enchantment type.</groupLimit><br>Enchants boots to have Teleport Active.<br><br><unique>UNIQUE Active - Teleport:</unique> Teleport to target allied object (240s CD) (60s CD on purchase)'),
	(1337, 1700, 'http://lkimg.zamimg.com/images/v2/items/icons/size32x32/1337.png', 'Enchantment: Teleport', '<groupLimit>Limited to 1 of each enchantment type.</groupLimit><br>Enchants boots to have Teleport Active.<br><br><unique>UNIQUE Active - Teleport:</unique> Teleport to target allied object (240s CD) (60s CD on purchase)'),
	(1338, 1600, 'http://lkimg.zamimg.com/images/v2/items/icons/size32x32/1338.png', 'Enchantment: Teleport', '<groupLimit>Limited to 1 of each enchantment type.</groupLimit><br>Enchants boots to have Teleport Active.<br><br><unique>UNIQUE Active - Teleport:</unique> Teleport to target allied object (240s CD) (60s CD on purchase)'),
	(1339, 1800, 'http://lkimg.zamimg.com/images/v2/items/icons/size32x32/1339.png', 'Enchantment: Teleport', '<groupLimit>Limited to 1 of each enchantment type.</groupLimit><br>Enchants boots to have Teleport Active.<br><br><unique>UNIQUE Active - Teleport:</unique> Teleport to target allied object (240s CD) (60s CD on purchase)'),
	(1340, 1400, 'http://lkimg.zamimg.com/images/v2/items/icons/size32x32/1340.png', 'Enchantment: Teleport', '<groupLimit>Limited to 1 of each enchantment type.</groupLimit><br>Enchants boots to have Teleport Active.<br><br><unique>UNIQUE Active - Teleport:</unique> Teleport to target allied object (240s CD) (60s CD on purchase)'),
	(1341, 1600, 'http://lkimg.zamimg.com/images/v2/items/icons/size32x32/1341.png', 'Enchantment: Teleport', '<groupLimit>Limited to 1 of each enchantment type.</groupLimit><br>Enchants boots to have Teleport Active.<br><br><unique>UNIQUE Active - Teleport:</unique> Teleport to target allied object (240s CD) (60s CD on purchase)'),
	(2003, 35, 'http://lkimg.zamimg.com/images/v2/items/icons/size32x32/2003.png', 'Health Potion', '<groupLimit>Limited to 5 at one time.</groupLimit><br><br><consumable>Click to Consume:</consumable> Restores 150 Health over 15 seconds.'),
	(2004, 35, 'http://lkimg.zamimg.com/images/v2/items/icons/size32x32/2004.png', 'Mana Potion', '<groupLimit>Limited to 5 at one time.</groupLimit><br><br><consumable>Click to Consume:</consumable> <mana>Restores 100 Mana over 15 seconds.</mana>'),
	(2009, 0, 'http://lkimg.zamimg.com/images/v2/items/icons/size32x32/2009.png', 'Total Biscuit of Rejuvenation', '<consumable>Click to Consume:</consumable> Restores 80 Health and 50 Mana over 10 seconds.'),
	(2010, 35, 'http://lkimg.zamimg.com/images/v2/items/icons/size32x32/2010.png', 'Total Biscuit of Rejuvenation', '<consumable>Click to Consume:</consumable> Restores 20 health and 10 mana immediately and then 150 Health over 15 seconds.'),
	(2041, 345, 'http://lkimg.zamimg.com/images/v2/items/icons/size32x32/2041.png', 'Crystalline Flask', '<unique>UNIQUE Passive:</unique> Holds 3 charges and refills upon visiting the shop.<br><active>UNIQUE Active:</active> Consumes a charge to restore 120 Health and 60 Mana over 12 seconds.'),
	(2043, 100, 'http://lkimg.zamimg.com/images/v2/items/icons/size32x32/2043.png', 'Vision Ward', '<groupLimit>Can only carry 2 Vision Wards in inventory.</groupLimit><br><br><consumable>Click to Consume:</consumable> Places a visible ward that reveals the surrounding area and invisible units in the area until killed. Limit 1 <font color=\'#BBFFFF\'>Vision Ward</font> on the map per player.<br><br><i>(Revealing a ward in this manner grants a portion of the gold reward when that unit is killed.)</i>'),
	(2044, 75, 'http://lkimg.zamimg.com/images/v2/items/icons/size32x32/2044.png', 'Stealth Ward', '<groupLimit>Can only carry 3 Stealth Wards in inventory.</groupLimit><br><br><consumable>Click to Consume:</consumable> Places an invisible ward that reveals the surrounding area for 3 minutes. Limit 3 <font color=\'#BBFFFF\'>Stealth Wards</font> on the map per player.'),
	(2045, 1600, 'http://lkimg.zamimg.com/images/v2/items/icons/size32x32/2045.png', 'Ruby Sightstone', '<stats>+400 Health</stats><br><br><unique>UNIQUE Passive - Ward Refresh:</unique> Holds 5 charges and refills upon visiting the shop.<br><active>UNIQUE Active - Ghost Ward:</active> Consumes a charge to place a <font color=\'#BBFFFF\'>Stealth Ward</font> that reveals the surrounding area for 3 minutes. A player may only have 3 <font color=\'#BBFFFF\'>Stealth Wards</font> on the map at one time.<br><br><i>(Unique Passives with the same name don\'t stack.)</i>'),
	(2047, 250, 'http://lkimg.zamimg.com/images/v2/items/icons/size32x32/2047.png', 'Oracle\'s Extract', '<consumable>Click to Consume:</consumable> Grants detection of nearby invisible units for up to 5 minutes or until death.'),
	(2049, 800, 'http://lkimg.zamimg.com/images/v2/items/icons/size32x32/2049.png', 'Sightstone', '<stats>+150 Health</stats><br><br><unique>UNIQUE Passive - Ward Refresh:</unique> Holds 4 charges and refills upon visiting the shop.<br><active>UNIQUE Active - Ghost Ward:</active> Consumes a charge to place a <font color=\'#BBFFFF\'>Stealth Ward</font> that reveals the surrounding area for 3 minutes. A player may only have 3 <font color=\'#BBFFFF\'>Stealth Wards</font> on the map at one time.<br><br><i>(Unique Passives with the same name don\'t stack.)</i>'),
	(2050, 0, 'http://lkimg.zamimg.com/images/v2/items/icons/size32x32/2050.png', 'Explorer\'s Ward', '<consumable>Click to Consume:</consumable> Places an invisible ward that reveals the surrounding area for 60 seconds.'),
	(2051, 1015, 'http://lkimg.zamimg.com/images/v2/items/icons/size32x32/2051.png', 'Guardian\'s Horn', '<stats>+200 Health<br>+125% Base Health Regeneration </stats><br><br><unique>UNIQUE Passive:</unique> Enemy spellcasts reduce the cooldown of Battle Cry by 1 second.<br><active>UNIQUE Active - Battle Cry:</active> Gain 30% Movement Speed, 20 Armor, and 20 Magic Resist for 3 seconds. 25 second cooldown.'),
	(2052, 0, 'http://lkimg.zamimg.com/images/v2/items/icons/size32x32/2052.png', 'Poro-Snax', 'This savory blend of free-range, grass-fed Avarosan game hens and organic, non-ZMO Freljordian herbs contains the essential nutrients necessary to keep your Poro purring with pleasure.<br><br><i>All proceeds will be donated towards fighting Noxian animal cruelty.</i>'),
	(2053, 1100, 'http://lkimg.zamimg.com/images/v2/items/icons/size32x32/2053.png', 'Raptor Cloak', '<stats>+40 Armor<br>+150% Base Health Regen </stats><br><br><unique>UNIQUE Passive - Point Runner:</unique> Builds up to +20% Movement Speed over 2 seconds while near turrets and fallen turrets.'),
	(2054, 0, 'http://lkimg.zamimg.com/images/v2/items/icons/size32x32/2054.png', 'Diet Poro-Snax', 'All the flavor of regular Poro-Snax, without the calories! Keeps your Poro happy AND healthy.<br><br><consumable>Click to Consume:</consumable> Gives your Poros a delicious healthy treat.'),
	(2137, 400, 'http://lkimg.zamimg.com/images/v2/items/icons/size32x32/2137.png', 'Elixir of Ruin', '<stats><levelLimit>Level 9 required to purchase.</levelLimit></stats><br><br><consumable>Click to Consume:</consumable> Grants +250 Health, 15% Bonus Damage to Towers and <font color=\'#FF8811\'><u>Siege Commander</u></font> for 3 minutes.<br><br><font color=\'#FF8811\'><u>Siege Commander:</u></font> Nearby minions gain 15% Bonus Damage to Towers and gain Movement Speed based on champion\'s Movement Speed.<br><br><i>(Only one Flask effect may be active at a time.)</i>'),
	(2138, 400, 'http://lkimg.zamimg.com/images/v2/items/icons/size32x32/2138.png', 'Elixir of Iron', '<stats><levelLimit>Level 9 required to purchase.</levelLimit></stats><br><br><consumable>Click to Consume:</consumable> Grants 25% increased Size, Slow Resistance, Tenacity and <font color=\'#FF8811\'><u>Path of Iron</u></font> for 3 minutes.<br><br><font color=\'#FF8811\'><u>Path of Iron:</u></font> Moving leaves a path behind that boosts allied champion\'s Movement Speed by 15%.<br><br><i>(Only one Flask effect may be active at a time.)</i>'),
	(2139, 400, 'http://lkimg.zamimg.com/images/v2/items/icons/size32x32/2139.png', 'Elixir of Sorcery', '<stats><levelLimit>Level 9 required to purchase.</levelLimit></stats><br><br><consumable>Click to Consume:</consumable> Grants +40 Ability Power, 15 bonus Mana Regen per 5 seconds and <font color=\'#FF8811\'><u>Sorcery</u></font> for 3 minutes. <br><br><font color=\'#FF8811\'><u>Sorcery:</u></font> Damaging a champion or turret deals 25 bonus True Damage. This effect has a 5 second cooldown versus champions but no cooldown versus turrets.<br><br><i>(Only one Flask effect may be active at a time.)</i><br>'),
	(2140, 400, 'http://lkimg.zamimg.com/images/v2/items/icons/size32x32/2140.png', 'Elixir of Wrath', '<stats><levelLimit>Level 9 required to purchase.</levelLimit></stats><br><br><consumable>Click to Consume:</consumable> Grants +25 Attack Damage and <font color=\'#FF8811\'><u>Bloodlust</u></font> for 3 minutes.<br><br><font color=\'#FF8811\'><u>Bloodlust:</u></font> Dealing physical damage to champions heals for 10% of the damage dealt. Scoring a Kill or Assist extends the duration of this Flask by 30 seconds.<br><br><i>(Only one Flask effect may be active at a time.)</i>'),
	(3001, 2430, 'http://lkimg.zamimg.com/images/v2/items/icons/size32x32/3001.png', 'Abyssal Scepter', '<stats>+70 Ability Power<br>+50 Magic Resist</stats><br><br><aura>UNIQUE Aura:</aura> Reduces the Magic Resist of nearby enemies by 20.'),
	(3003, 3000, 'http://lkimg.zamimg.com/images/v2/items/icons/size32x32/3003.png', 'Archangel\'s Staff', '<stats>+80 Ability Power<br><mana>+250 Mana<br>+50% Base Mana Regen </mana></stats><br><br><mana><unique>UNIQUE Passive - Insight:</unique> Grants Ability Power equal to 3% of maximum Mana.<br><unique>UNIQUE Passive - Mana Charge:</unique> Grants +8 maximum Mana (max +750 Mana) for each spell cast and Mana expenditure (occurs up to 2 times every 8 seconds). Transforms into Seraph\'s Embrace at +750 Mana.</mana><br><br><i>(Unique Passives with the same name don\'t stack.)</i>'),
	(3004, 2200, 'http://lkimg.zamimg.com/images/v2/items/icons/size32x32/3004.png', 'Manamune', '<stats>+25 Attack Damage<br><mana>+250 Mana<br>+25% Base Mana Regen </mana></stats><br><br><mana><unique>UNIQUE Passive - Awe:</unique> Grants bonus Attack Damage equal to 2% of maximum Mana.<br><unique>UNIQUE Passive - Mana Charge:</unique> Grants +4 maximum Mana (max +750 Mana) for each basic attack, spell cast, and Mana expenditure (occurs up to 2 times every 8 seconds).<br><br>Transforms into Muramana at +750 Mana.</mana><br><br><i>(Unique Passives with the same name don\'t stack.)</i>'),
	(3006, 1000, 'http://lkimg.zamimg.com/images/v2/items/icons/size32x32/3006.png', 'Berserker\'s Greaves', '<stats> +25% Attack Speed</stats><br><br><unique>UNIQUE Passive - Enhanced Movement:</unique> +45 Movement Speed<br><br><i>(Unique Passives with the same name don\'t stack.)</i>'),
	(3007, 3000, 'http://lkimg.zamimg.com/images/v2/items/icons/size32x32/3007.png', 'Archangel\'s Staff (Crystal Scar)', '<stats>+80 Ability Power<br><mana>+250 Mana<br>+50% Base Mana Regen </mana></stats><br><br><mana><unique>UNIQUE Passive - Insight:</unique> Grants Ability Power equal to 3% of maximum Mana.<br><unique>UNIQUE Passive - Mana Charge:</unique> Grants +10 maximum Mana (max +750 Mana) for each spell cast and Mana expenditure (occurs up to 2 times every 6 seconds). Transforms into Seraph\'s Embrace at +750 Mana.<br></mana><br><i>(Unique Passives with the same name don\'t stack.)</i>'),
	(3008, 2200, 'http://lkimg.zamimg.com/images/v2/items/icons/size32x32/3008.png', 'Manamune (Crystal Scar)', '<stats>+25 Attack Damage<br><mana>+250 Mana<br>+25% Base Mana Regen </mana></stats><br><br><mana><unique>UNIQUE Passive - Awe:</unique> Grants bonus Attack Damage equal to 2% of maximum Mana.<br><unique>UNIQUE Passive - Mana Charge:</unique> Grants +8 maximum Mana (max +750 Mana) for each basic attack, spell cast, and Mana expenditure (occurs up to 2 times every 6 seconds).<br><br>Transforms into Muramana at +750 Mana.<br></mana><br><i>(Unique Passives with the same name don\'t stack.)</i>'),
	(3009, 1000, 'http://lkimg.zamimg.com/images/v2/items/icons/size32x32/3009.png', 'Boots of Swiftness', '<unique>UNIQUE Passive - Enhanced Movement:</unique> +60 Movement Speed<br><unique>UNIQUE Passive - Slow Resist:</unique> Movement slowing effects are reduced by 25%.<br><br><i>(Unique Passives with the same name don\'t stack.)</i>'),
	(3010, 1200, 'http://lkimg.zamimg.com/images/v2/items/icons/size32x32/3010.png', 'Catalyst the Protector', '<stats>+200 Health<br><mana>+300 Mana</mana></stats><br><br><unique>UNIQUE Passive - Valor\'s Reward:</unique> Upon leveling up, restores 150 Health and 200 Mana over 8 seconds.<br><br><i>(Unique Passives with the same name don\'t stack.)</i>'),
	(3020, 1100, 'http://lkimg.zamimg.com/images/v2/items/icons/size32x32/3020.png', 'Sorcerer\'s Shoes', '<stats>+15 Magic Penetration</stats><br><br><unique>UNIQUE Passive - Enhanced Movement:</unique> +45 Movement Speed<br><br><i>(Magic Penetration: Magic damage is increased by ignoring an amount of the target\'s Magic Resist equal to Magic Penetration.)</i><br><br><i>(Unique Passives with the same name don\'t stack.)</i>'),
	(3022, 3300, 'http://lkimg.zamimg.com/images/v2/items/icons/size32x32/3022.png', 'Frozen Mallet', '<stats>+700 Health<br>+30 Attack Damage</stats><br><br><unique>UNIQUE Passive - Icy:</unique> Basic attacks slow the target\'s Movement Speed for 1.5 seconds on hit (40% slow for melee attacks, 30% slow for ranged attacks).<br><br><i>(Unique Passives with the same name don\'t stack.)</i>'),
	(3023, 2400, 'http://lkimg.zamimg.com/images/v2/items/icons/size32x32/3023.png', 'Twin Shadows', '<stats>+80 Ability Power<br>+10% Cooldown Reduction<br>+6% Movement Speed</stats><br><br><active>UNIQUE Active - Hunt:</active> Summons up to 2 invulnerable ghosts that seek out the 2 nearest enemy champions for 6 seconds. If a ghost reaches its target, it reveals the target and reduces their Movement Speed by 40% for 2.5 seconds.<br><br>If a ghost cannot find a target, it tries to return to the caster. Ghosts that successfully return in this way reduce the item\'s cooldown by 40 seconds (120 second cooldown).'),
	(3024, 900, 'http://lkimg.zamimg.com/images/v2/items/icons/size32x32/3024.png', 'Glacial Shroud', '<stats>+20 Armor<br><mana>+250 Mana</mana></stats><br><br><unique>UNIQUE Passive:</unique> +10% Cooldown Reduction'),
	(3025, 2850, 'http://lkimg.zamimg.com/images/v2/items/icons/size32x32/3025.png', 'Iceborn Gauntlet', '<stats>+60 Armor<br>+30 Ability Power<br>+10% Cooldown Reduction<br><mana>+500 Mana</mana></stats><br><br><unique>UNIQUE Passive - Spellblade:</unique> After using an ability, the next basic attack (on hit) deals bonus physical damage equal to 125% of base Attack Damage to enemies near the target, and creates a field around the target for 2 seconds that slows enemy Movement Speed by 30% (1.5 second cooldown, half-sized field if ranged).<br><br><i>(Unique Passives with the same name don\'t stack.)</i>'),
	(3026, 2800, 'http://lkimg.zamimg.com/images/v2/items/icons/size32x32/3026.png', 'Guardian Angel', '<stats>+50 Armor<br>+50 Magic Resist</stats><br><br><unique>UNIQUE Passive:</unique> Upon taking lethal damage, restores 30% of maximum Health and Mana after 4 seconds of stasis (300 second cooldown).'),
	(3027, 2700, 'http://lkimg.zamimg.com/images/v2/items/icons/size32x32/3027.png', 'Rod of Ages', '<stats>+300 Health<br><mana>+400 Mana</mana><br>+60 Ability Power</stats><br><br><passive>Passive:</passive> Grants +20 Health, +40 Mana, and +4 Ability Power per stack (max +200 Health, +400 Mana, and +40 Ability Power). Grants 1 stack per minute (max 10 stacks).<br><unique>UNIQUE Passive - Valor\'s Reward:</unique> Upon leveling up, restores 150 Health and 200 Mana over 8 seconds.<br><br><i>(Unique Passives with the same name don\'t stack.)</i>'),
	(3028, 900, 'http://lkimg.zamimg.com/images/v2/items/icons/size32x32/3028.png', 'Chalice of Harmony', '<stats>+25 Magic Resist<br><mana>+50% Base Mana Regen </mana></stats><br><br><unique>UNIQUE Passive - Mana Font:</unique> Restores 2% of missing Mana every 5 seconds.<br><br><i>(Unique Passives with the same name don\'t stack.)</i>'),
	(3029, 2790, 'http://lkimg.zamimg.com/images/v2/items/icons/size32x32/3029.png', 'Rod of Ages (Crystal Scar)', '<stats>+450 Health<br><mana>+450 Mana</mana><br>+60 Ability Power</stats><br><br><passive>Passive:</passive> Grants +20 Health, +20 Mana, and +2 Ability Power per stack (max +200 Health, +200 Mana, and +20 Ability Power). Grants 1 stack per 40 seconds (max 10 stacks).<br><unique>UNIQUE Passive - Valor\'s Reward:</unique> Upon leveling up, restores 150 Health and 200 Mana over 8 seconds.<br><br><i>(Unique Passives with the same name don\'t stack.)</i>'),
	(3031, 3800, 'http://lkimg.zamimg.com/images/v2/items/icons/size32x32/3031.png', 'Infinity Edge', '<stats>+80 Attack Damage<br>+20% Critical Strike Chance</stats><br><br><unique>UNIQUE Passive:</unique> Critical strikes deal 250% damage instead of 200%.'),
	(3035, 2300, 'http://lkimg.zamimg.com/images/v2/items/icons/size32x32/3035.png', 'Last Whisper', '<stats>+40 Attack Damage</stats><br><br><unique>UNIQUE Passive:</unique> Physical damage ignores 35% of the target\'s Armor (applies before Armor Penetration).'),
	(3040, 3000, 'http://lkimg.zamimg.com/images/v2/items/icons/size32x32/3040.png', 'Seraph\'s Embrace', '<stats>+80 Ability Power<br><mana>+1000 Mana<br>+50% Base Mana Regen </mana></stats><br><br><mana><unique>UNIQUE Passive - Insight:</unique> Grants Ability Power equal to 3% of maximum Mana.</mana><br><active>UNIQUE Active - Mana Shield:</active> Consumes 20% of current Mana to grant a shield for 3 seconds that absorbs damage equal to 150 plus the amount of Mana consumed (120 second cooldown).<br><br><i>(Unique Passives with the same name don\'t stack.)</i>'),
	(3041, 1400, 'http://lkimg.zamimg.com/images/v2/items/icons/size32x32/3041.png', 'Mejai\'s Soulstealer', '<stats>+20 Ability Power  </stats><br><br><unique>UNIQUE Passive:</unique> Grants +8 Ability Power per stack and 5 stacks upon first purchase. Grants 2 stacks for a kill or 1 stack for an assist (max 20 stacks). Half of the stacks are lost upon death. At 20 stacks, grants +15% Cooldown Reduction.'),
	(3042, 2200, 'http://lkimg.zamimg.com/images/v2/items/icons/size32x32/3042.png', 'Muramana', '<stats>+25 Attack Damage<br><mana>+1000 Mana<br>+25% Base Mana Regen </mana></stats><br><br><mana><unique>UNIQUE Passive - Awe:</unique> Grants bonus Attack Damage equal to 2% of maximum Mana.<br><unique>UNIQUE Toggle:</unique> Single target spells and attacks (on hit) consume 3% of current Mana to deal bonus physical damage equal to twice the amount of Mana consumed.</mana><br><br><i>(Unique Passives with the same name don\'t stack.)</i>'),
	(3043, 2200, 'http://lkimg.zamimg.com/images/v2/items/icons/size32x32/3043.png', 'Muramana', '<stats>+25 Attack Damage<br><mana>+1000 Mana<br>+25% Base Mana Regen </mana></stats><br><br><mana><unique>UNIQUE Passive - Awe:</unique> Grants bonus Attack Damage equal to 2% of maximum Mana.<br><unique>UNIQUE Toggle:</unique> Single target spells and attacks (on hit) consume 3% of current Mana to deal bonus physical damage equal to twice the amount of Mana consumed.</mana><br><br><i>(Unique Passives with the same name don\'t stack.)</i>'),
	(3044, 1325, 'http://lkimg.zamimg.com/images/v2/items/icons/size32x32/3044.png', 'Phage', '<stats>+200 Health<br>+20 Attack Damage</stats><br><br><unique>UNIQUE Passive - Rage:</unique> Basic attacks grant 20 Movement Speed for 2 seconds. Kills grant 60 Movement Speed instead. This Movement Speed bonus is halved for ranged champions.<br><br><i>(Unique Passives with the same name don\'t stack.)</i>'),
	(3046, 2800, 'http://lkimg.zamimg.com/images/v2/items/icons/size32x32/3046.png', 'Phantom Dancer', '<stats>+50% Attack Speed<br>+35% Critical Strike Chance<br>+5% Movement Speed</stats><br><br><unique>UNIQUE Passive:</unique> Champion can move through units.'),
	(3047, 1000, 'http://lkimg.zamimg.com/images/v2/items/icons/size32x32/3047.png', 'Ninja Tabi', '<stats>+25 Armor</stats><br><br><unique>UNIQUE Passive:</unique> Blocks 10% of the damage from basic attacks.<br><unique>UNIQUE Passive - Enhanced Movement:</unique> +45 Movement Speed<br><br><i>(Unique Passives with the same name don\'t stack.)</i>'),
	(3048, 2700, 'http://lkimg.zamimg.com/images/v2/items/icons/size32x32/3048.png', 'Seraph\'s Embrace', '<stats>+80 Ability Power<br><mana>+1000 Mana<br>+50% Base Mana Regen </mana></stats><br><br><mana><unique>UNIQUE Passive - Insight:</unique> Grants Ability Power equal to 3% of maximum Mana.</mana><br><active>UNIQUE Active - Mana Shield:</active> Consumes 20% of current Mana to grant a shield for 3 seconds that absorbs damage equal to 150 plus the amount of Mana consumed (120 second cooldown).<br><br><i>(Unique Passives with the same name don\'t stack.)</i>'),
	(3050, 2250, 'http://lkimg.zamimg.com/images/v2/items/icons/size32x32/3050.png', 'Zeke\'s Harbinger', '<stats><mana>+250 Mana</mana><br>+35 Armor<br>+50 Ability Power<br>+10% Cooldown Reduction</stats><br><br><active>UNIQUE Active - Conduit:</active> Bind to target ally (60 second cooldown).<br><unique>UNIQUE Passive:</unique> When within 1000 units of each other, you and your ally generate Charges. Attacking or casting spells generates extra Charges. At 100 Charges, causing damage consumes them, increasing your and your ally\'s Ability Power by 20% and Critical Strike Chance by 50% for 8 seconds. '),
	(3053, 2550, 'http://lkimg.zamimg.com/images/v2/items/icons/size32x32/3053.png', 'Sterak\'s Gage', '<stats>+500 Health<br>+25% Base Attack Damage </stats><br><br><unique>UNIQUE Passive:</unique> Upon taking at least 400 to 1800 damage (based on level) within 5 seconds, gain <font color=\'#FF8811\'><u>Sterak\'s Fury</u></font> for 8 seconds (45 second cooldown).<br><br><font color=\'#FF8811\'><u>Sterak\'s Fury</u>:</font> Grow in size and strength, gaining increased Size, +25% additional Base Attack Damage, and a rapidly decaying Shield for 30% of your maximum Health.'),
	(3056, 2600, 'http://lkimg.zamimg.com/images/v2/items/icons/size32x32/3056.png', 'Ohmwrecker', '<stats>+300 Health<br>+50 Armor<br>+150% Base Health Regen <br>+10% Cooldown Reduction</stats><br><br><active>UNIQUE Active:</active> Prevents nearby enemy turrets from attacking for 3 seconds (120 second cooldown). This effect cannot be used against the same turret more than once every 8 seconds.<br><br><unique>UNIQUE Passive - Point Runner:</unique> Builds up to +20% Movement Speed over 2 seconds while near turrets (including fallen turrets).'),
	(3057, 1200, 'http://lkimg.zamimg.com/images/v2/items/icons/size32x32/3057.png', 'Sheen', '<stats>+25 Ability Power<br><mana>+200 Mana</mana></stats><br><br><unique>UNIQUE Passive - Spellblade:</unique> After using an ability, the next basic attack deals bonus physical damage equal to 100% base Attack Damage on hit (1.5 second cooldown).<br><br><i>(Unique Passives with the same name don\'t stack.)</i>'),
	(3060, 2750, 'http://lkimg.zamimg.com/images/v2/items/icons/size32x32/3060.png', 'Banner of Command', '<stats>+200 Health<br>+100% Base Health Regen <br>+60 Ability Power<br>+20 Magic Resist<br>+10% Cooldown Reduction</stats><br><br><aura>UNIQUE Aura - Legion:</aura> Grants nearby allies +15 Magic Resist.<br><active>UNIQUE Active - Promote:</active> Greatly increases the power of a lane minion and grants it immunity to magic damage (120 second cooldown).<br><br><i>(Unique Auras with the same name do not stack.)</i>'),
	(3065, 2700, 'http://lkimg.zamimg.com/images/v2/items/icons/size32x32/3065.png', 'Spirit Visage', '<stats>+400 Health<br>+60 Magic Resist<br>+150% Base Health Regen <br>+10% Cooldown Reduction</stats><br><br><unique>UNIQUE Passive:</unique> Increases all healing received by 20%.'),
	(3067, 850, 'http://lkimg.zamimg.com/images/v2/items/icons/size32x32/3067.png', 'Kindlegem', '<stats>+200 Health  </stats><br><br><unique>UNIQUE Passive:</unique> +10% Cooldown Reduction'),
	(3068, 2600, 'http://lkimg.zamimg.com/images/v2/items/icons/size32x32/3068.png', 'Sunfire Cape', '<stats>+450 Health<br>+45 Armor  </stats><br><br><unique>UNIQUE Passive - Immolate:</unique> Deals 25 (+1 per champion level) magic damage per second to nearby enemies.'),
	(3069, 2100, 'http://lkimg.zamimg.com/images/v2/items/icons/size32x32/3069.png', 'Talisman of Ascension', '<stats>+100% Base Health Regen <br><mana>+100% Base Mana Regen <br></mana>+20 Movement Speed<br>+10% Cooldown Reduction<br>+2 Gold per 10 seconds</stats><br><br><unique>UNIQUE Passive - Favor:</unique> Being near a minion death without dealing the killing blow grants 4 Gold and 10 Health.<br><active>UNIQUE Active:</active> Grants nearby allies +40% Movement Speed for 3 seconds (40 second cooldown).<br><br><groupLimit>Limited to 1 Gold Income item</groupLimit><br><br><i><font color=\'#447777\'>\'\'Praise the sun.\'\' - Historian Shurelya, 22 September, 25 CLE</font></i><br><br>'),
	(3070, 720, 'http://lkimg.zamimg.com/images/v2/items/icons/size32x32/3070.png', 'Tear of the Goddess', '<stats><mana>+250 Mana<br>+25% Base Mana Regen </mana></stats><br><br><mana><unique>UNIQUE Passive - Mana Charge:</unique> Grants 4 maximum Mana on spell cast or Mana expenditure (up to 2 times per 8 seconds). Grants 1 maximum Mana every 8 seconds.<br><br>Caps at +750 Mana.</mana><br><br><i>(Unique Passives with the same name don\'t stack.)</i>'),
	(3071, 3000, 'http://lkimg.zamimg.com/images/v2/items/icons/size32x32/3071.png', 'The Black Cleaver', '<stats>+400 Health<br>+40 Attack Damage<br>+20% Cooldown Reduction</stats><br><br><passive>UNIQUE Passive:</passive> Dealing physical damage to an enemy champion Cleaves them, reducing their Armor by 5% for 6 seconds (stacks up to 6 times, up to 30%).<br><unique>UNIQUE Passive - Rage:</unique> Dealing physical damage grants 20 movement speed for 2 seconds. Assists on Cleaved enemy champions or kills on any unit grant 60 movement speed for 2 seconds instead. This Movement Speed is halved for ranged champions.<br><br><i>(Unique Passives with the same name don\'t stack.)</i>'),
	(3072, 3500, 'http://lkimg.zamimg.com/images/v2/items/icons/size32x32/3072.png', 'The Bloodthirster', '<stats>+80 Attack Damage</stats><br><br><passive>UNIQUE Passive:</passive> +20% Life Steal<br><passive>UNIQUE Passive:</passive> Your basic attacks can now overheal you. Excess life is stored as a shield that can block 50-350 damage, based on champion level.<br><br>This shield decays slowly if you haven\'t dealt or taken damage in the last 25 seconds.'),
	(3073, 720, 'http://lkimg.zamimg.com/images/v2/items/icons/size32x32/3073.png', 'Tear of the Goddess (Crystal Scar)', '<stats><mana>+250 Mana<br>+25% Base Mana Regen </stats><br><br><mana><unique>UNIQUE Passive - Mana Charge:</unique> Grants 5 maximum Mana on spell cast or Mana expenditure (up to 2 times per 6 seconds). Grants 1 maximum Mana every 6 seconds.<br><br>Caps at +750 Mana.</mana><br><br><i>(Unique Passives with the same name don\'t stack.)</i></mana>'),
	(3074, 3300, 'http://lkimg.zamimg.com/images/v2/items/icons/size32x32/3074.png', 'Ravenous Hydra (Melee Only)', '<stats>+75 Attack Damage<br>+100% Base Health Regen <br>+12% Life Steal</stats><br><br><passive>Passive:</passive> Life Steal applies to damage dealt by this item.<br><unique>UNIQUE Passive - Cleave:</unique> Basic attacks deal 20% to 60% of total Attack Damage as bonus physical damage to enemies near the target on hit (enemies closest to the target take the most damage).<br><active>UNIQUE Active - Crescent:</active> Deals 60% to 100% of total Attack Damage as physical damage to nearby enemy units (closest enemies take the most damage) (10 second cooldown).<br><br><i>(Unique Passives with the same name don\'t stack.)</i>'),
	(3075, 2300, 'http://lkimg.zamimg.com/images/v2/items/icons/size32x32/3075.png', 'Thornmail', '<stats>+100 Armor  </stats><br><br><unique>UNIQUE Passive:</unique> Upon being hit by a basic attack, reflects magic damage back to the attacker equal to 25% of your bonus Armor plus 15% of the incoming damage.<br><br><i>(Bonus Armor is Armor from Items, Buffs, Runes and Masteries.)</i><br><i>(Reflect damage is calculated based on damage taken before being reduced by Armor.)</i>'),
	(3077, 1900, 'http://lkimg.zamimg.com/images/v2/items/icons/size32x32/3077.png', 'Tiamat (Melee Only)', '<stats>+40 Attack Damage<br>+100% Base Health Regen </stats><br><br><unique>UNIQUE Passive - Cleave:</unique> Basic attacks deal 20% to 60% of total Attack Damage as bonus physical damage to enemies near the target on hit (enemies closest to the target take the most damage).<br><active>UNIQUE Active - Crescent:</active> Deals 60% to 100% of total Attack Damage as physical damage to nearby enemy units (enemies closest to the target take the most damage) (10 second cooldown).<br><br><i>(Unique Passives with the same name don\'t stack.)</i>'),
	(3078, 3703, 'http://lkimg.zamimg.com/images/v2/items/icons/size32x32/3078.png', 'Trinity Force', '<stats>+30 Attack Damage<br>+30 Ability Power<br>+30% Attack Speed<br>+10% Critical Strike Chance<br>+8% Movement Speed<br>+250 Health<br><mana>+200 Mana</mana></stats><br><br><unique>UNIQUE Passive - Rage:</unique> Basic attacks grant 20 Movement Speed for 2 seconds. Kills grant 60 Movement Speed instead. This Movement Speed bonus is halved for ranged champions.<br><unique>UNIQUE Passive - Spellblade:</unique> After using an ability, the next basic attack deals bonus physical damage equal to 200% of base Attack Damage on hit (1.5 second cooldown).<br><br><i>(Unique Passives with the same name don\'t stack.)</i>'),
	(3082, 1100, 'http://lkimg.zamimg.com/images/v2/items/icons/size32x32/3082.png', 'Warden\'s Mail', '<stats>+45 Armor</stats><br><br><unique>UNIQUE Passive - Cold Steel:</unique> When hit by basic attacks, reduces the attacker\'s Attack Speed by 15% for 1 seconds.<br><br><i>(Unique Passives with the same name don\'t stack.)</i>'),
	(3083, 2750, 'http://lkimg.zamimg.com/images/v2/items/icons/size32x32/3083.png', 'Warmog\'s Armor', '<stats>+800 Health<br>+200% Base Health Regen </stats><br><br><unique>UNIQUE Passive:</unique> Grants <font color=\'#FF8811\'><u>Warmog\'s Heart</u></font> if you have at least 3000 maximum Health.<br><br><font color=\'#FF8811\'><u>Warmog\'s Heart</u>:</font> Restores 15% of maximum Health every 5 seconds if damage hasn\'t been taken within 8 seconds. '),
	(3084, 2500, 'http://lkimg.zamimg.com/images/v2/items/icons/size32x32/3084.png', 'Overlord\'s Bloodmail', '<stats>+800 Health<br>+100% Base Health Regen </stats><br><br><unique>UNIQUE Passive:</unique> Upon champion kill or assist, restores 300 Health over 5 seconds.'),
	(3085, 2500, 'http://lkimg.zamimg.com/images/v2/items/icons/size32x32/3085.png', 'Runaan\'s Hurricane (Ranged Only)', '<stats>+70% Attack Speed</stats><br><br><unique>UNIQUE Passive:</unique> When basic attacking, bolts are fired at up to 2 enemies near the target, each dealing (50% of Attack Damage) physical damage. These bolts apply on-hit effects.<br><unique>UNIQUE Passive:</unique> Basic attacks deal an additional 10 physical damage on hit.<br> '),
	(3086, 1100, 'http://lkimg.zamimg.com/images/v2/items/icons/size32x32/3086.png', 'Zeal', '<stats>+20% Attack Speed<br>+10% Critical Strike Chance<br>+5% Movement Speed</stats>'),
	(3087, 2500, 'http://lkimg.zamimg.com/images/v2/items/icons/size32x32/3087.png', 'Statikk Shiv', '<stats>+40% Attack Speed<br>+20% Critical Strike Chance<br>+6% Movement Speed</stats><br><br><unique>UNIQUE Passive:</unique> Grants Static Charges upon moving or attacking. At 100 Charges, basic attacking expends all Charges to deal 100 bonus magic damage to up to 4 targets on hit (this damage can critically strike).'),
	(3089, 3500, 'http://lkimg.zamimg.com/images/v2/items/icons/size32x32/3089.png', 'Rabadon\'s Deathcap', '<stats>+120 Ability Power  </stats><br><br><unique>UNIQUE Passive:</unique> Increases Ability Power by 35%.'),
	(3090, 3500, 'http://lkimg.zamimg.com/images/v2/items/icons/size32x32/3090.png', 'Wooglet\'s Witchcap', '<stats>+100 Ability Power<br>+45 Armor  </stats><br><br><unique>UNIQUE Passive:</unique> Increases Ability Power by 25%<br><active>UNIQUE Active:</active> Champion becomes invulnerable and untargetable for 2.5 seconds, but is unable to move, attack, cast spells, or use items during this time (90 second cooldown).'),
	(3091, 2600, 'http://lkimg.zamimg.com/images/v2/items/icons/size32x32/3091.png', 'Wit\'s End', '<stats>+50% Attack Speed<br>+30 Magic Resist</stats><br><br><unique>UNIQUE Passive:</unique> Basic attacks deal 42 bonus magic damage on hit.<br><unique>UNIQUE Passive:</unique> Basic attacks steal 5 Magic Resist from the target on hit (stacks up to 5 times.)'),
	(3092, 2200, 'http://lkimg.zamimg.com/images/v2/items/icons/size32x32/3092.png', 'Frost Queen\'s Claim', '<stats>+50 Ability Power<br>+10% Cooldown Reduction<br>+2 Gold per 10 seconds<br><mana>+50% Base Mana Regen </mana></stats><br><br><unique>UNIQUE Passive - Tribute:</unique> Spells and basic attacks against champions or buildings deal 15 additional damage and grant 10 Gold. This can occur up to 3 times every 30 seconds.<br><active>UNIQUE Active:</active> Fires an ice lance that explodes dealing 50 (+5 per champion level) magic damage to nearby enemies and slowing their Movement Speed by 80%, decaying over 2 seconds (60 second cooldown).<br><br><groupLimit>Limited to 1 Gold Income item</groupLimit>'),
	(3093, 800, 'http://lkimg.zamimg.com/images/v2/items/icons/size32x32/3093.png', 'Avarice Blade', '<stats>+10% Critical Strike Chance</stats><br><br><unique>UNIQUE Passive - Avarice:</unique> +3 Gold per 10 seconds<br><unique>UNIQUE Passive - Greed:</unique> Grants 2 Gold upon killing a unit.<br><br><groupLimit>May be bought with another Gold Income item</groupLimit>'),
	(3096, 865, 'http://lkimg.zamimg.com/images/v2/items/icons/size32x32/3096.png', 'Nomad\'s Medallion', '<stats>+25% Base Health Regen <br><mana>+50% Base Mana Regen <br></mana>+10 Movement Speed<br>+2 Gold per 10 seconds</stats><br><br><unique>UNIQUE Passive - Favor:</unique> Being near a minion death without dealing the killing blow grants 4 Gold and 10 Health.<br><br><groupLimit>Limited to 1 Gold Income item</groupLimit><br><br><i><font color=\'#447777\'>\'\'The medallion shines with the glory of a thousand voices when exposed to the sun.\'\' - Historian Shurelya, 22 June, 24 CLE</font></i><br><br>'),
	(3097, 865, 'http://lkimg.zamimg.com/images/v2/items/icons/size32x32/3097.png', 'Targon\'s Brace', '<stats>+175 Health<br>+50% Base Health Regen </stats><br><br><unique>UNIQUE Passive - Spoils of War:</unique> Melee basic attacks execute minions below 240 Health. Killing a minion heals the owner and the nearest allied champion for 50 Health and grants them kill Gold.<br><br>These effects require a nearby allied champion. Recharges every 30 seconds. Max 3 charges.<br><br><groupLimit>Limited to 1 Gold Income item</groupLimit>'),
	(3098, 865, 'http://lkimg.zamimg.com/images/v2/items/icons/size32x32/3098.png', 'Frostfang', '<stats>+10 Ability Power<br>+2 Gold per 10 seconds<br><mana>+50% Base Mana Regen </mana></stats><br><br><unique>UNIQUE Passive - Tribute:</unique> Spells and basic attacks against champions or buildings deal 15 additional damage and grant 10 Gold. This can occur up to 3 times every 30 seconds. Killing a minion disables this passive for 12 seconds.<br><br><groupLimit>Limited to 1 Gold Income item</groupLimit>'),
	(3100, 3000, 'http://lkimg.zamimg.com/images/v2/items/icons/size32x32/3100.png', 'Lich Bane', '<stats>+80 Ability Power<br>+5% Movement Speed<br><mana>+250 Mana</mana></stats><br><br><unique>UNIQUE Passive - Spellblade:</unique> After using an ability, the next basic attack deals 75% Base Attack Damage (+50% of Ability Power) bonus magic damage on hit (1.5 second cooldown).<br><br><i>(Unique Passives with the same name don\'t stack.)</i>'),
	(3101, 1250, 'http://lkimg.zamimg.com/images/v2/items/icons/size32x32/3101.png', 'Stinger', '<stats>+40% Attack Speed</stats><br><br><unique>UNIQUE Passive:</unique> +10% Cooldown Reduction'),
	(3102, 2700, 'http://lkimg.zamimg.com/images/v2/items/icons/size32x32/3102.png', 'Banshee\'s Veil', '<stats>+450 Health<br>+60 Magic Resist<br>+100% Base Health Regeneration </stats><br><br><unique>UNIQUE Passive:</unique> Grants a spell shield that blocks the next enemy ability. This shield refreshes after no damage is taken from enemy champions for 40 seconds.'),
	(3104, 3800, 'http://lkimg.zamimg.com/images/v2/items/icons/size32x32/3104.png', 'Lord Van Damm\'s Pillager', '<stats>+80 Attack Damage<br>+25% Critical Strike Chance</stats><br><br><unique>UNIQUE Passive:</unique> Critical Strikes cause enemies to bleed for an additional 150% of bonus Attack Damage as magic damage over 3 seconds and reveal them for the duration.'),
	(3105, 1600, 'http://lkimg.zamimg.com/images/v2/items/icons/size32x32/3105.png', 'Aegis of the Legion', '<stats>+200 Health<br>+100% Base Health Regen <br>+20 Magic Resist</stats><br><br><aura>UNIQUE Aura - Legion:</aura> Grants nearby allies +15 Magic Resist.<br><br><i>(Unique Auras with the same name don\'t stack.)</i>'),
	(3106, 750, 'http://lkimg.zamimg.com/images/v2/items/icons/size32x32/3106.png', 'Madred\'s Razors', '<stats>+15% Attack Speed</stats><br><br><unique>UNIQUE Passive - Maim:</unique> Basic attacks against monsters deal 50 bonus magic damage and heal 8 Health on hit.<br><br><i>(Unique Passives with the same name don\'t stack.)</i>'),
	(3108, 820, 'http://lkimg.zamimg.com/images/v2/items/icons/size32x32/3108.png', 'Fiendish Codex', '<stats>+30 Ability Power</stats><br><br><unique>UNIQUE Passive:</unique> +10% Cooldown Reduction'),
	(3110, 2600, 'http://lkimg.zamimg.com/images/v2/items/icons/size32x32/3110.png', 'Frozen Heart', '<stats>+90 Armor<br>+20% Cooldown Reduction<br><mana>+400 Mana</mana></stats><br><br><aura>UNIQUE Aura:</aura> Reduces the Attack Speed of nearby enemies by 15%.'),
	(3111, 1200, 'http://lkimg.zamimg.com/images/v2/items/icons/size32x32/3111.png', 'Mercury\'s Treads', '<stats>+25 Magic Resist</stats><br><br><unique>UNIQUE Passive - Enhanced Movement:</unique> +45 Movement Speed<br><unique>UNIQUE Passive - Tenacity:</unique> Reduces the duration of stuns, slows, taunts, fears, silences, blinds, polymorphs, and immobilizes by 35%.<br><br><i>(Unique Passives with the same name don\'t stack.)</i>'),
	(3112, 2150, 'http://lkimg.zamimg.com/images/v2/items/icons/size32x32/3112.png', 'Orb of Winter', '<stats>+70 Magic Resist<br>+100% Base Health Regeneration </stats><br><br><unique>UNIQUE Passive:</unique> Grants a shield that absorbs up to 30 (+10 per level) damage. The shield will refresh after 9 seconds without receiving damage.'),
	(3113, 850, 'http://lkimg.zamimg.com/images/v2/items/icons/size32x32/3113.png', 'Aether Wisp', '<stats>+30 Ability Power</stats><br><br><unique>UNIQUE Passive:</unique> +5% Movement Speed'),
	(3114, 600, 'http://lkimg.zamimg.com/images/v2/items/icons/size32x32/3114.png', 'Forbidden Idol', '<stats><mana>+50% Base Mana Regen </mana></stats><br><br><unique>UNIQUE Passive:</unique> +10% Cooldown Reduction'),
	(3115, 3000, 'http://lkimg.zamimg.com/images/v2/items/icons/size32x32/3115.png', 'Nashor\'s Tooth', '<stats>+40% Attack Speed<br>+80 Ability Power</stats><br><br><unique>UNIQUE Passive:</unique> +20% Cooldown Reduction<br><unique>UNIQUE Passive:</unique> Basic attacks deal 15 (+15% of Ability Power) bonus magic damage on hit.<br>'),
	(3116, 3000, 'http://lkimg.zamimg.com/images/v2/items/icons/size32x32/3116.png', 'Rylai\'s Crystal Scepter', '<stats>+400 Health<br>+100 Ability Power</stats><br><br><unique>UNIQUE Passive:</unique> Damaging spells and abilities apply a Movement Speed reduction to enemies based on the spell type:<br><br><active>Single Target:</active> 40% reduction for 1.5 seconds. <br><active>Area of Effect:</active> 40% reduction for 1 seconds<br><active>Damage over Time or Multi-hit:</active> 20% reduction for 1 seconds.<br><active>Summoned Minions:</active> 20% reduction for 1 seconds.<br><br><i>(If a spell fits in more than one category, it uses the weakest slow value.)</i>'),
	(3117, 800, 'http://lkimg.zamimg.com/images/v2/items/icons/size32x32/3117.png', 'Boots of Mobility', '<unique>UNIQUE Passive - Enhanced Movement:</unique> +25 Movement Speed. Increases to +105 Movement Speed when out of combat for 5 seconds.<br><br><i>(Unique Passives with the same name don\'t stack.)</i>'),
	(3122, 1200, 'http://lkimg.zamimg.com/images/v2/items/icons/size32x32/3122.png', 'Wicked Hatchet', '<stats>+20 Attack Damage<br>+10% Critical Strike Chance</stats><br><br><unique>UNIQUE Passive:</unique> Critical Strikes cause your target to bleed for an additional 60% of your bonus Attack Damage as magic damage over 3 seconds.</i>'),
	(3124, 2590, 'http://lkimg.zamimg.com/images/v2/items/icons/size32x32/3124.png', 'Guinsoo\'s Rageblade', '<stats>+30 Attack Damage<br>+40 Ability Power</stats><br><br><passive>Passive:</passive> Basic attacks (on attack) and spell casts grant +4% Attack Speed and +4 Ability Power for 8 seconds (stacks up to 8 times).<br><unique>UNIQUE Passive:</unique> Falling below 50% Health grants +20% Attack Speed, +10% Life Steal, and +10% Spell Vamp until out of combat (30 second cooldown).'),
	(3134, 1337, 'http://lkimg.zamimg.com/images/v2/items/icons/size32x32/3134.png', 'The Brutalizer', '<stats>+25 Attack Damage</stats><br><br><unique>UNIQUE Passive:</unique> +10% Cooldown Reduction<br><unique>UNIQUE Passive:</unique> +10 Armor Penetration<br><br><i>(Armor Penetration: Physical damage is increased by ignoring an amount of the target\'s Armor equal to Armor Penetration.)</i>'),
	(3135, 2500, 'http://lkimg.zamimg.com/images/v2/items/icons/size32x32/3135.png', 'Void Staff', '<stats>+80 Ability Power</stats><br><br><unique>UNIQUE Passive:</unique> Magic damage ignores 35% of the target\'s Magic Resist (applies before Magic Penetration).'),
	(3136, 1500, 'http://lkimg.zamimg.com/images/v2/items/icons/size32x32/3136.png', 'Haunting Guise', '<stats>+25 Ability Power<br>+200 Health</stats><br><br><unique>UNIQUE Passive - Eyes of Pain:</unique> +15 Magic Penetration<br><br><i>(Magic Penetration: Magic damage is increased by ignoring an amount of the target\'s Magic Resist equal to Magic Penetration.)</i><br><br><i>(Unique Passives with the same name do not stack.)</i>'),
	(3137, 2700, 'http://lkimg.zamimg.com/images/v2/items/icons/size32x32/3137.png', 'Dervish Blade', '<stats>+50% Attack Speed<br>+45 Magic Resist<br>+10% Cooldown Reduction</stats><br><br><active>UNIQUE Active - Quicksilver:</active> Removes all debuffs, and if champion is melee, also grants +50% bonus Movement Speed for 1 second (90 second cooldown).'),
	(3139, 3700, 'http://lkimg.zamimg.com/images/v2/items/icons/size32x32/3139.png', 'Mercurial Scimitar', '<stats>+80 Attack Damage<br>+35 Magic Resist</stats><br><br><active>UNIQUE Active - Quicksilver:</active> Removes all debuffs and also grants +50% bonus Movement Speed for 1 second (90 second cooldown).'),
	(3140, 1250, 'http://lkimg.zamimg.com/images/v2/items/icons/size32x32/3140.png', 'Quicksilver Sash', '<stats>+30 Magic Resist</stats><br><br><active>UNIQUE Active - Quicksilver:</active> Removes all debuffs (90 second cooldown).'),
	(3141, 1400, 'http://lkimg.zamimg.com/images/v2/items/icons/size32x32/3141.png', 'Sword of the Occult', '<stats>+10 Attack Damage </stats><br><br><unique>UNIQUE Passive:</unique> Grants +5 Attack Damage per stack and 5 stacks upon first purchase. Grants 2 stacks for a kill or 1 stack for an assist (max 20 stacks). Half of the stacks are lost upon death. At 20 stacks, grants +20% bonus Attack Speed.'),
	(3142, 2700, 'http://lkimg.zamimg.com/images/v2/items/icons/size32x32/3142.png', 'Youmuu\'s Ghostblade', '<stats>+30 Attack Damage<br>+15% Critical Strike Chance<br>+10% Cooldown Reduction</stats><br><br><passive>UNIQUE Passive:</passive> +20 Armor Penetration</passive><br><active>UNIQUE Active:</active> Grants +20% Movement Speed and +40% Attack Speed for 6 seconds (45 second cooldown).<br><br><i>(Armor Penetration: Physical damage is increased by ignoring an amount of the target\'s Armor equal to Armor Penetration.)</i>'),
	(3143, 2700, 'http://lkimg.zamimg.com/images/v2/items/icons/size32x32/3143.png', 'Randuin\'s Omen', '<stats>+400 Health<br>+60 Armor<br>-10% Damage taken from Critical Strikes</stats><br><br><unique>UNIQUE Passive - Cold Steel:</unique> When hit by basic attacks, reduces the attacker\'s Attack Speed by 15%.<br><active>UNIQUE Active:</active> Slows the Movement Speed of nearby enemy units by 35% for 4 seconds (60 second cooldown).<br><br><i>(Unique Passives with the same name don\'t stack.)</i>'),
	(3144, 1400, 'http://lkimg.zamimg.com/images/v2/items/icons/size32x32/3144.png', 'Bilgewater Cutlass', '<stats>+25 Attack Damage<br>+8% Life Steal</stats><br><br><active>UNIQUE Active:</active> Deals 100 magic damage and slows the target champion\'s Movement Speed by 25% for 2 seconds (90 second cooldown).'),
	(3145, 1200, 'http://lkimg.zamimg.com/images/v2/items/icons/size32x32/3145.png', 'Hextech Revolver', '<stats>+40 Ability Power</stats><br><br><unique>UNIQUE Passive:</unique> +12% Spell Vamp<br><br><i>(Spell Vamp: Abilities heal for a percentage of the damage they deal. Area of Effect spells only grant one-third of the healing from Spell Vamp.)</i>'),
	(3146, 3400, 'http://lkimg.zamimg.com/images/v2/items/icons/size32x32/3146.png', 'Hextech Gunblade', '<stats>+40 Attack Damage<br>+80 Ability Power<br>+10% Life Steal</stats><br><br><unique>UNIQUE Passive:</unique> +20% Spell Vamp<br><unique>UNIQUE Passive:</unique> Basic attacks (on hit) and single-target spells against champions reduce the cooldown of this item by 3 seconds.<br><active>UNIQUE Active:</active> Deals 150 (+40% of Ability Power) magic damage and slows the target champion\'s Movement Speed by 40% for 2 seconds (60 second cooldown).<br><br><i>(Spell Vamp: Abilities heal for a percentage of the damage they deal. Area of Effect spells only grant one-third of the healing from Spell Vamp.)</i>'),
	(3150, 3200, 'http://lkimg.zamimg.com/images/v2/items/icons/size32x32/3150.png', 'Mirage Blade', '<stats>+60 Attack Damage<br>+15% Critical Strike<br>+12% Life Steal</stats><br><br><unique>UNIQUE Passive - Mark of the Sands:</unique> Basic Attacks apply a Sand Mark on the target revealing them for 3 seconds. Only one enemy can be Marked at any time.<br><unique>UNIQUE Active - Mirage Step:</unique> Teleport 350 units directly away from the Sand Marked target (60 second cooldown).<br><br><i><font color=\'#FDD017\'>\'\'Shurimans exploit every aspect of the desert.\'\'</font></i>'),
	(3151, 3000, 'http://lkimg.zamimg.com/images/v2/items/icons/size32x32/3151.png', 'Liandry\'s Torment', '<stats>+80 Ability Power<br>+300 Health</stats><br><br><unique>UNIQUE Passive - Eyes of Pain:</unique> +15 Magic Penetration<br><unique>UNIQUE Passive:</unique> Dealing spell damage applies a damage-over-time effect for 3 seconds that deals bonus magic damage equal to 2% of the target\'s current Health per second. This bonus damage is doubled against movement-impaired units and capped at 100 damage per second vs. monsters.<br><br><i>(A unit is movement-impaired if it is slowed, stunned, taunted, feared, or immobilized.)</i><br><br><i>(Magic Penetration: Magic damage is increased by ignoring an amount of the target\'s Magic Resist equal to Magic Penetration.)</i><br><br><i>(Unique Passives with the same name don\'t stack.)</i>'),
	(3152, 2500, 'http://lkimg.zamimg.com/images/v2/items/icons/size32x32/3152.png', 'Will of the Ancients', '<stats>+80 Ability Power<br>+10% Cooldown Reduction</stats><br><br><unique>UNIQUE Passive:</unique> Your spells and abilities heal you for 15% of the damage dealt, calculated before your target\'s resistances.  This effect is reduced to one third for AoE effects.'),
	(3153, 3200, 'http://lkimg.zamimg.com/images/v2/items/icons/size32x32/3153.png', 'Blade of the Ruined King', '<stats>+25 Attack Damage<br>+40% Attack Speed<br>+10% Life Steal</stats><br><br><unique>UNIQUE Passive:</unique> Basic attacks deal 8% of the target\'s current Health in bonus physical damage (max 60 vs. monsters and minions) on hit.<br><active>UNIQUE Active:</active> Deals 10% of target champion\'s maximum Health (min. 100) as physical damage, heals for the same amount, and steals 25% of the target\'s Movement Speed for 3 seconds (90 second cooldown).'),
	(3154, 1775, 'http://lkimg.zamimg.com/images/v2/items/icons/size32x32/3154.png', 'Wriggle\'s Lantern', '<stats>+12 Attack Damage<br>+30% Attack Speed</stats><br><br><unique>UNIQUE Passive - Maim:</unique> Basic attacks against monsters deal 75 bonus magic damage and heal 10 Health on hit.<br><unique>UNIQUE Passive:</unique> Gain 30% increased Gold from monsters.<br><active>UNIQUE Active:</active> Places a <font color=\'#BBFFFF\'>Stealth Ward</font> that reveals the surrounding area for 180 seconds (180 second cooldown).<br><br>Transforms into Feral Flare at 30 kills, assists and large monster kills.<br><i>(Champions and monsters killed with Hunter\'s Machete and Madred\'s Razors count toward this transformation)</i><br><br><groupLimit>Limited to 1 Gold Income item</groupLimit>'),
	(3155, 1450, 'http://lkimg.zamimg.com/images/v2/items/icons/size32x32/3155.png', 'Hexdrinker', '<stats>+25 Attack Damage<br>+30 Magic Resist</stats><br><br><unique>UNIQUE Passive - Lifeline:</unique> Upon taking magic damage that would reduce Health below 30%, grants a shield that absorbs 250 magic damage for 5 seconds (90 second cooldown).<br><br><i>(Unique Passives with the same name don\'t stack.)</i>'),
	(3156, 3200, 'http://lkimg.zamimg.com/images/v2/items/icons/size32x32/3156.png', 'Maw of Malmortius', '<stats>+60 Attack Damage<br>+40 Magic Resist</stats><br><br><unique>UNIQUE Passive:</unique> Grants +1 Attack Damage for every 2% of missing Health, up to a maximum of 35 Attack Damage.<br><unique>UNIQUE Passive - Lifeline:</unique> Upon taking magic damage that would reduce Health below 30%, grants a shield that absorbs 400 magic damage for 5 seconds (90 second cooldown).<br><br><i>(Unique Passives with the same name don\'t stack.)</i>'),
	(3157, 3000, 'http://lkimg.zamimg.com/images/v2/items/icons/size32x32/3157.png', 'Zhonya\'s Hourglass', '<stats>+100 Ability Power<br>+50 Armor  </stats><br><br><active>UNIQUE Active - Stasis:</active> Champion becomes invulnerable and untargetable for 2.5 seconds, but is unable to move, attack, cast spells, or use items during this time (90 second cooldown).'),
	(3158, 1000, 'http://lkimg.zamimg.com/images/v2/items/icons/size32x32/3158.png', 'Ionian Boots of Lucidity', '<unique>UNIQUE Passive:</unique> +15% Cooldown Reduction<br><unique>UNIQUE Passive - Enhanced Movement:</unique> +45 Movement Speed<br><br><i>(Unique Passives with the same name don\'t stack.)</i><br><br><i><font color=\'#FDD017\'>\'\'This item is dedicated in honor of Ionia\'s victory over Noxus in the Rematch for the Southern Provinces on 10 December, 20 CLE.\'\'</font></i>'),
	(3159, 1740, 'http://lkimg.zamimg.com/images/v2/items/icons/size32x32/3159.png', 'Grez\'s Spectral Lantern', '<stats>+15 Attack Damage<br>+30% Attack Speed</stats><br><br><unique>UNIQUE Passive - Maim:</unique> Basic attacks against monsters deal 75 bonus magic damage and heal 10 Health on hit.<br><unique>UNIQUE Passive:</unique> Gain 30% increased Gold from monsters.<br><unique>UNIQUE Passive - Trap Detection:</unique> Nearby stealthed enemy traps are revealed.<br><active>UNIQUE Active - Hunter\'s Sight:</active> A stealth-detecting mist grants vision in the target area for 5 seconds, revealing enemy champions that enter for 3 seconds (60 second cooldown).'),
	(3165, 2300, 'http://lkimg.zamimg.com/images/v2/items/icons/size32x32/3165.png', 'Morellonomicon', '<stats>+80 Ability Power<br>+20% Cooldown Reduction<br><mana>+100% Base Mana Regen </mana></stats><br><br><unique>UNIQUE Passive:</unique> Dealing magic damage to enemy champions below 40% Health inflicts Grievous Wounds for 4 seconds.<br><br><i>(Grievous Wounds reduces incoming healing and regeneration effects by 50%.)</i>'),
	(3170, 2570, 'http://lkimg.zamimg.com/images/v2/items/icons/size32x32/3170.png', 'Moonflair Spellblade', '<stats>+50 Ability Power<br>+50 Armor<br>+50 Magic Resist</stats><br><br><unique>UNIQUE Passive - Tenacity:</unique> Reduces the duration of stuns, slows, taunts, fears, silences, blinds, polymorphs, and immobilizes by 35%.<br><br><i>(Unique Passives with the same name do not stack.)</i>'),
	(3172, 2850, 'http://lkimg.zamimg.com/images/v2/items/icons/size32x32/3172.png', 'Zephyr', '<stats>+25 Attack Damage<br>+50% Attack Speed<br>+10% Movement Speed<br>+10% Cooldown Reduction</stats><br><br><unique>UNIQUE Passive - Tenacity:</unique> Reduces the duration of stuns, slows, taunts, fears, silences, blinds, polymorphs, and immobilizes by 35%.<br><br><i>(Unique Passives with the same name do not stack.)</i>'),
	(3174, 2700, 'http://lkimg.zamimg.com/images/v2/items/icons/size32x32/3174.png', 'Athene\'s Unholy Grail', '<stats>+60 Ability Power<br>+25 Magic Resist<br>+20% Cooldown Reduction<br><mana>+100% Base Mana Regen </mana></stats><br><br><mana><unique>UNIQUE Passive:</unique> Restores 30% of maximum Mana on kill or assist.<br><unique>UNIQUE Passive - Mana Font:</unique> Restores 2% of missing Mana every 5 seconds.<br></mana><br><i>(Unique Passives with the same name do not stack.)</i>'),
	(3180, 2450, 'http://lkimg.zamimg.com/images/v2/items/icons/size32x32/3180.png', 'Odyn\'s Veil', '<stats>+350 Health<br>+350 Mana<br>+50 Magic Resist</stats><br><br><unique>UNIQUE Passive:</unique> Reduces and stores 10% of magic damage received. <br><active>UNIQUE Active:</active> Deals 200 + (stored magic) (max 400) magic damage to nearby enemy units (90 second cooldown).'),
	(3181, 2275, 'http://lkimg.zamimg.com/images/v2/items/icons/size32x32/3181.png', 'Sanguine Blade', '<stats>+45 Attack Damage<br>+10% Life Steal</stats><br><br><unique>UNIQUE Passive:</unique> Basic attacks grant +6 Attack Damage and +1% Life Steal for 8 seconds on hit (effect stacks up to 5 times).'),
	(3184, 2700, 'http://lkimg.zamimg.com/images/v2/items/icons/size32x32/3184.png', 'Entropy', '<stats>+275 Health<br>+55 Attack Damage</stats><br><br><unique>UNIQUE Passive - Rage:</unique> Basic attacks grant 20 Movement Speed for 2 seconds on hit. Kills grant 60 Movement Speed for 2 seconds. This Movement Speed bonus is halved for ranged champions.<br><active>UNIQUE Active:</active> For the next 5 seconds, basic attacks reduce the target\'s Movement Speed by 30% and deal 80 true damage over 2.5 seconds on hit (60 second cooldown).<br><br><i>(Unique Passives with the same name don\'t stack.)</i>'),
	(3185, 2280, 'http://lkimg.zamimg.com/images/v2/items/icons/size32x32/3185.png', 'The Lightbringer', '<stats>+30 Attack Damage<br>+30% Critical Strike Chance</stats><br><br><unique>UNIQUE Passive:</unique> Critical Strikes cause enemies to bleed for an additional 90% of bonus Attack Damage as magic damage over 3 seconds and reveal them for the duration.<br><unique>UNIQUE Passive - Trap Detection:</unique> Nearby stealthed enemy traps are revealed.<br><active>UNIQUE Active - Hunter\'s Sight:</active> A stealth-detecting mist grants vision in the target area for 5 seconds, revealing enemy champions that enter for 3 seconds (60 second cooldown).<br><br><i>(Unique Passives with the same name don\'t stack.)</i>'),
	(3187, 2080, 'http://lkimg.zamimg.com/images/v2/items/icons/size32x32/3187.png', 'Hextech Sweeper', '<stats>+225 Health<br>+250 Mana<br>+25 Armor<br>+20% Cooldown Reduction</stats><br><br><unique>UNIQUE Passive - Trap Detection:</unique> Nearby stealthed enemy traps are revealed.<br><active>UNIQUE Active - Hunter\'s Sight:</active> A stealth-detecting mist grants vision in the target area for 5 seconds, revealing enemy champions that enter for 3 seconds (60 second cooldown).'),
	(3190, 2750, 'http://lkimg.zamimg.com/images/v2/items/icons/size32x32/3190.png', 'Locket of the Iron Solari', '<stats>+400 Health<br>+100% Base Health Regen <br>+20 Magic Resist<br>+10% Cooldown Reduction</stats><br><br><active>UNIQUE Active:</active> Grants a shield to nearby allies for 2 seconds that absorbs up to 75 (+15 per level) damage (60 second cooldown).<br><aura>UNIQUE Aura - Legion:</aura> Grants nearby allies +15 Magic Resist.<br><br><i>(Unique Auras with the same name don\'t stack.)</i>'),
	(3191, 1200, 'http://lkimg.zamimg.com/images/v2/items/icons/size32x32/3191.png', 'Seeker\'s Armguard', '<stats>+30 Armor<br>+25 Ability Power</stats><br><br><passive>UNIQUE Passive:</passive> Killing a unit grants 0.5 bonus Armor and Ability Power. This bonus stacks up to 30 times.'),
	(3196, 1000, 'http://lkimg.zamimg.com/images/v2/items/icons/size32x32/3196.png', 'The Hex Core mk-1', '<stats>+3 Ability Power per level<br>+15 Mana per level</stats><br><br><passive>UNIQUE Passive - Progress:</passive> Viktor can upgrade one of his basic spells.'),
	(3197, 2000, 'http://lkimg.zamimg.com/images/v2/items/icons/size32x32/3197.png', 'The Hex Core mk-2', '<stats>+6 Ability Power per level<br>+20 Mana per level</stats><br><br><passive>UNIQUE Passive - Progress:</passive> Viktor can upgrade one of his basic spells.'),
	(3198, 3000, 'http://lkimg.zamimg.com/images/v2/items/icons/size32x32/3198.png', 'Perfect Hex Core', '<stats>+10 Ability Power per level<br>+25 Mana per level</stats><br><br><passive>UNIQUE Passive - Glorious Evolution:</passive> Viktor has reached the pinnacle of his power, upgrading Chaos Storm in addition to his basic spells.'),
	(3200, 0, 'http://lkimg.zamimg.com/images/v2/items/icons/size32x32/3200.png', 'Prototype Hex Core', '<stats>+1 Ability Power per level<br>+10 Mana per level</stats><br><br><passive>UNIQUE Passive - Progress:</passive> This item can be upgraded three times to enhance Viktor\'s basic abilities.'),
	(3211, 1200, 'http://lkimg.zamimg.com/images/v2/items/icons/size32x32/3211.png', 'Spectre\'s Cowl', '<stats>+200 Health<br>+40 Magic Resist</stats><br><br><unique>UNIQUE Passive:</unique> Grants 150% Base Health Regen for up to 10 seconds after taking damage from an enemy champion.'),
	(3222, 2450, 'http://lkimg.zamimg.com/images/v2/items/icons/size32x32/3222.png', 'Mikael\'s Crucible', '<stats>+40 Magic Resist<br>+10% Cooldown Reduction<br><mana>+100% Base Mana Regen </mana></stats><br><br><mana><unique>UNIQUE Passive - Mana Font:</unique> Restores 2% of missing Mana every 5 seconds.</mana><br><active>UNIQUE Active:</active> Removes all stuns, roots, taunts, fears, silences, and slows on an allied champion and heals that champion for 150 (+10% of maximum Health) (180 second cooldown).<br><br><i>(Unique Passives with the same name do not stack.)</i>'),
	(3285, 3000, 'http://lkimg.zamimg.com/images/v2/items/icons/size32x32/3285.png', 'Luden\'s Echo', '<stats>+100 Ability Power<br>+10% Movement Speed</stats><br><br><unique>UNIQUE Passive:</unique> Gain charges upon moving or casting. At 100 charges, the next spell hit expends all charges to deal 100 (+10% AP) bonus magic damage to up to 4 targets on hit.'),
	(3290, 2400, 'http://lkimg.zamimg.com/images/v2/items/icons/size32x32/3290.png', 'Twin Shadows', '<stats>+80 Ability Power<br>+10% Cooldown Reduction<br>+6% Movement Speed</stats><br><br><unique>UNIQUE Passive - Trap Detection:</unique> Nearby stealthed enemy traps are revealed.<br><active>UNIQUE Active - Hunt:</active> Summons up to 2 invulnerable ghosts that seek out the 2 nearest enemy champions for 6 seconds. If a ghost reaches its target, it reveals the target and reduces their Movement Speed by 40% for 2.5 seconds.<br><br>If a ghost cannot find a target, it tries to return to the caster. Ghosts that successfully return in this way reduce the item\'s cooldown by 20 seconds (60 second cooldown).'),
	(3301, 365, 'http://lkimg.zamimg.com/images/v2/items/icons/size32x32/3301.png', 'Ancient Coin', '<stats><mana>+25% Base Mana Regen </mana></stats><br><br><unique>UNIQUE Passive - Favor:</unique> Being near a minion death without dealing the killing blow grants 3 Gold and 5 Health.<br><br><groupLimit>Limited to 1 Gold Income item</groupLimit><br><br><i><font color=\'#447777\'>\'\'Gold dust rises from the desert and clings to the coin.\'\' - Historian Shurelya, 11 November, 23 CLE</font></i><br><br>'),
	(3302, 365, 'http://lkimg.zamimg.com/images/v2/items/icons/size32x32/3302.png', 'Relic Shield', '<stats>+75 Health</stats><br><br><unique>UNIQUE Passive - Spoils of War:</unique> Melee basic attacks execute minions below 200 Health. Killing a minion heals the owner and the nearest allied champion for 40 Health and grants them kill Gold.<br><br>These effects require a nearby allied champion. Recharges every 60 seconds. Max 2 charges. <br><br><groupLimit>Limited to 1 Gold Income item</groupLimit>'),
	(3303, 365, 'http://lkimg.zamimg.com/images/v2/items/icons/size32x32/3303.png', 'Spellthief\'s Edge', '<stats>+5 Ability Power<br>+2 Gold per 10 seconds<br><mana>+25% Base Mana Regen </mana></stats><br><br><unique>UNIQUE Passive - Tribute:</unique> Spells and basic attacks against champions or buildings deal 10 additional damage and grant 5 Gold. This can occur up to 3 times every 30 seconds. Killing a minion disables this passive for 12 seconds.<br><br><groupLimit>Limited to 1 Gold Income item</groupLimit>'),
	(3340, 0, 'http://lkimg.zamimg.com/images/v2/items/icons/size32x32/3340.png', 'Warding Totem (Trinket)', '<groupLimit>Limited to 1 Trinket.</groupLimit><br><br><unique>Active:</unique> Places a <font color=\'#BBFFFF\'>Stealth Ward</font> that lasts 60 seconds (120 second cooldown).<br><br>At level 9, this ward\'s duration increases to 120 seconds.<br><br>Limit 3 <font color=\'#BBFFFF\'>Stealth Wards</font> on the map per player.<br><br><i>(Trinkets cannot be used in the first 30 seconds of a game. Selling a Trinket will disable Trinket use for 120 seconds).</i>'),
	(3341, 0, 'http://lkimg.zamimg.com/images/v2/items/icons/size32x32/3341.png', 'Sweeping Lens (Trinket)', '<groupLimit>Limited to 1 Trinket.</groupLimit><br><br><unique>Active:</unique> Reveals and disables nearby invisible traps and invisible wards for 6 seconds in a small radius (120 second cooldown).<br><br>At level 9, cast range and sweep radius increase by 50% each and the cooldown is reduced to 75 seconds.<br><br><i>(Trinkets cannot be used in the first 30 seconds of a game. Selling a Trinket will disable Trinket use for 120 seconds).</i>'),
	(3342, 0, 'http://lkimg.zamimg.com/images/v2/items/icons/size32x32/3342.png', 'Scrying Orb (Trinket)', '<groupLimit>Limited to 1 Trinket.</groupLimit><br><br><unique>Active:</unique> Reveals a small location within 2500 range for 2 seconds. Enemy champions found will be revealed for 5 seconds (120 second cooldown).<br><br>At level 9, cast range increases to 3500.<br><br><i>(Trinkets cannot be used in the first 30 seconds of a game. Selling a Trinket will disable Trinket use for 120 seconds).</i>'),
	(3345, 0, 'http://lkimg.zamimg.com/images/v2/items/icons/size32x32/3345.png', 'Soul Anchor (Trinket)', '<groupLimit>Limited to 1 Trinket.</groupLimit><br><br><unique>Active:</unique> Consumes a charge to instantly revive at your Summoner Platform and grants 125% Movement Speed that decays over 12 seconds.<br><br><i>Additional charges are gained at levels 9 and 14.</i><br><br><font color=\'#BBFFFF\'>(Max: 2 charges)</font></i><br><br>'),
	(3348, 0, 'http://lkimg.zamimg.com/images/v2/items/icons/size32x32/3348.png', 'Hextech Sweeper', '<active>UNIQUE Active - Hunter\'s Sight:</active> A stealth-detecting mist grants vision in the target area for 5 seconds, revealing traps and enemy champions that enter for 3 seconds (90 second cooldown).'),
	(3361, 250, 'http://lkimg.zamimg.com/images/v2/items/icons/size32x32/3361.png', 'Greater Stealth Totem (Trinket)', '<groupLimit>Limited to 1 Trinket.</groupLimit><levelLimit> *Level 9+ required to upgrade.</levelLimit><stats></stats><br><br><unique>UNIQUE Active:</unique> Consume a charge to place an invisible ward that reveals the surrounding area for 180 seconds.  Stores a charge every 60 seconds, up to 2 total. Limit 3 <font color=\'#BBFFFF\'>Stealth Wards</font> on the map per player.<br><br><i>(Trinkets cannot be used in the first 30 seconds of a game. Selling a Trinket will disable Trinket use for 120 seconds).</i>'),
	(3362, 250, 'http://lkimg.zamimg.com/images/v2/items/icons/size32x32/3362.png', 'Greater Vision Totem (Trinket)', '<groupLimit>Limited to 1 Trinket.</groupLimit><levelLimit> *Level 9+ required to upgrade.</levelLimit><stats></stats><br><br><unique>UNIQUE Active:</unique> Places a visible ward that reveals the surrounding area and invisible units in the area until killed (120 second cooldown). Limit 1 <font color=\'#BBFFFF\'>Vision Ward</font> on the map per player.<br><br><i>(Trinkets cannot be used in the first 30 seconds of a game. Selling a Trinket will disable Trinket use for 120 seconds).</i>'),
	(3363, 250, 'http://lkimg.zamimg.com/images/v2/items/icons/size32x32/3363.png', 'Farsight Orb (Trinket)', '<groupLimit>Limited to 1 Trinket.</groupLimit><levelLimit> <stats> *Level 9+ required to upgrade.</stats></levelLimit><br><br><unique>UNIQUE Active:</unique> Reveals an area up to 4000 units away for 2 seconds. Enemy champions found will be revealed for 5 seconds (90 second cooldown). <br><br>Also places a visible ward in the area that lasts 60 seconds. This ward is untargetable by allies.<br><br><i>(Trinkets cannot be used in the first 30 seconds of a game. Selling a Trinket will disable Trinket use for 120 seconds).</i>'),
	(3364, 250, 'http://lkimg.zamimg.com/images/v2/items/icons/size32x32/3364.png', 'Oracle\'s Lens (Trinket)', '<groupLimit>Limited to 1 Trinket.</groupLimit><levelLimit> *Level 9+ required to upgrade.</levelLimit><stats></stats><br><br><unique>UNIQUE Active:</unique> Reveals and disables nearby invisible traps and invisible wards for 6 seconds in a medium radius and grants detection of nearby invisible units for 10 seconds (75 second cooldown).<br><br><i>(Trinkets cannot be used in the first 30 seconds of a game. Selling a Trinket will disable Trinket use for 120 seconds).</i>'),
	(3401, 2200, 'http://lkimg.zamimg.com/images/v2/items/icons/size32x32/3401.png', 'Face of the Mountain', '<stats>+500 Health<br>+100% Base Health Regen <br>+10% Cooldown Reduction</stats><br><br><unique>UNIQUE Passive - Spoils of War:</unique> Melee basic attacks execute minions below 400 Health. Killing a minion heals the owner and the nearest allied champion for 50 (+1% of your maximum Health) and grants them kill Gold.<br><br>These effects require a nearby allied champion. Recharges every 30 seconds. Max 4 charges.<br><unique>UNIQUE Active:</unique> Shield target ally for 10% of your maximum Health for 4 seconds. After 4 seconds, the target explodes dealing 100% of their total Attack Damage plus 30% of their Ability Power as magic damage in an area (60 second cooldown).<br><br><groupLimit>Limited to 1 Gold Income item</groupLimit>'),
	(3430, 3000, 'http://lkimg.zamimg.com/images/v2/items/icons/size32x32/3430.png', 'Rite of Ruin', '<stats>+100 Ability Power<br><mana>+100% Base Mana Regen </mana><br>+20% Cooldown Reduction</stats><br><br><unique>UNIQUE Passive - Razing:</unique> Gain charges upon moving or killing enemies (200 charges max). Attacking a structure expends 50 charges to deal 100 (+15% AP) bonus true damage.<br><br><i><font color=\'#FDD017\'>\'\'When all their works have crumbled, their hearts will be laid bare.\'\'</font></i>'),
	(3431, 3000, 'http://lkimg.zamimg.com/images/v2/items/icons/size32x32/3431.png', 'Netherstride Grimoire', '<stats>+100 Ability Power<br><mana>+100% Base Mana Regen </mana><br>+20% Cooldown Reduction</stats><br><br><unique>UNIQUE Passive - Malice:</unique> Gain 20% movement speed for 2 seconds when hitting an enemy with a damaging spell.<br><br><i><font color=\'#FDD017\'>\'\'Walking our path, you make fast progress.\'\'</font></i>'),
	(3433, 1800, 'http://lkimg.zamimg.com/images/v2/items/icons/size32x32/3433.png', 'Lost Chapter', '<stats>+50 Ability Power<br><mana>+100% Base Mana Regen </mana></stats><br><br><unique>UNIQUE Passive:</unique> +20% Cooldown Reduction<br>'),
	(3434, 3000, 'http://lkimg.zamimg.com/images/v2/items/icons/size32x32/3434.png', 'Pox Arcana', '<stats>+100 Ability Power<br><mana>+100% Base Mana Regen </mana><br>+20% Cooldown Reduction</stats><br><br><unique>UNIQUE Passive - Pox:</unique> Damaging spells apply a stack of Pox (max of 5) to enemy champions hit for 10 seconds. <br><br><unique>UNIQUE Active - Disease Harvest:</unique> Deals 100 magic damage plus 20 (+5% of Ability Power) per stack of Pox to all nearby enemies affected by Pox, and restores 5% of maximum mana to the caster per stack of Pox on enemies hit (60 second cooldown).<br><br><i><font color=\'#FDD017\'>\'\'Wealth, land, secrets, love; how little they cherish when their bodies betray them.\'\'</font></i>'),
	(3460, 0, 'http://lkimg.zamimg.com/images/v2/items/icons/size32x32/3460.png', 'Golden Transcendence', '<unique>Active:</unique> Use this trinket to teleport to one of the battle platforms. Can only be used from the summoning platform.<br><br><i><font color=\'#FDD017\'>\'\'It is at this magical precipice where a champion is dismantled, reforged, and empowered.\'\'</font></i>'),
	(3504, 2100, 'http://lkimg.zamimg.com/images/v2/items/icons/size32x32/3504.png', 'Ardent Censer', '<stats>+40 Ability Power<br>+10% Cooldown Reduction<br><mana>+100% Base Mana Regen </mana></stats><br><br><unique>UNIQUE Passive:</unique> +8% Movement Speed<br><unique>UNIQUE Passive:</unique> Your heals and shields on another allied champion grant them 15% Attack Speed and 30 magic damage on-hit for 6 seconds.<br><br><i>(This does not include regeneration effects or effects on yourself.)'),
	(3508, 3200, 'http://lkimg.zamimg.com/images/v2/items/icons/size32x32/3508.png', 'Essence Reaver', '<stats>+80 Attack Damage<br>+10% Life Steal<br>+10% Cooldown Reduction</stats><br><br><mana><passive>UNIQUE Passive:</passive> Restores 2% to 8% of the damage dealt by basic attacks as Mana. This effect increases based on missing Mana.</mana>'),
	(3512, 2750, 'http://lkimg.zamimg.com/images/v2/items/icons/size32x32/3512.png', 'Zz\'Rot Portal', '<stats>+60 Armor<br>+60 Magic Resist<br>+150% Base Health Regen <br></stats><br><unique>UNIQUE Passive - Point Runner:</unique> Builds up to +20% Movement Speed over 2 seconds while near turrets and fallen turrets.<br><active>UNIQUE Active:</active> Spawns a Void Gate at target location for 150 seconds. Every 4 seconds the gate makes a Voidspawn that travels down the nearest lane and decays over time. Voidspawn explodes when attacking structures. Voidspawn ignore champions and void targets (150 second cooldown).<br><br>The first and every fourth Voidspawn gain 15% of maximum Health as damage.'),
	(3599, 0, 'http://lkimg.zamimg.com/images/v2/items/icons/size32x32/3599.png', 'The Black Spear', '<stats></stats><br><passive>Active:</passive> Offer to bind with an ally for the remainder of the game, becoming Oathsworn Allies. Oathsworn empowers you both while near one another.'),
	(3611, 0, 'http://lkimg.zamimg.com/images/v2/items/icons/size32x32/3611.png', 'Razorfin', 'Melee: Champion pursuer.<br><br>Razorfins can chase down enemy champions relentlessly as they\'re upgraded and deal bonus damage. They can even grow in number. All Razorfins have +100% Attack Speed.<br><br><font color=\'#EE0055\'>Upgrade your Razorfin\'s abilities after hiring, by spending Krakens below.</font>'),
	(3612, 0, 'http://lkimg.zamimg.com/images/v2/items/icons/size32x32/3612.png', 'Ironback', 'Melee: Tanky siege.<br><br>Ironbacks can take reduced damage from minions and gain a shield that blocks attacks as they\'re upgraded. They can also deal extra damage to structures. All Ironbacks take 25% reduced damage from enemy turrets.<br><br><font color=\'#EE0055\'>Upgrade your Ironback\'s abilities after hiring, by spending Krakens below.</font>'),
	(3613, 0, 'http://lkimg.zamimg.com/images/v2/items/icons/size32x32/3613.png', 'Plundercrab', 'Ranged: Champion harass.<br><br>Plundercrabs shoot additional cannonballs at nearby enemy champions and gain extra range as they are upgraded. They can also shoot faster when locking onto enemy champions and deal bonus damage. All Plundercrabs have a splitshot at +150 attack range but 50% less damage.<br><br><font color=\'#EE0055\'>Upgrade your Plundercrab\'s abilities after hiring, by spending Krakens below.</font>'),
	(3614, 0, 'http://lkimg.zamimg.com/images/v2/items/icons/size32x32/3614.png', 'Ocklepod', 'Ranged: Support utility.<br><br>Ocklepods grant magic shields to allied minions and gain Magic Resistance as they\'re upgraded. They can also provide vision into nearby Jungles with a moving Clairvoyance. All Ocklepods cast a magic shield on allied minions every 10 seconds, blocking 100 magic damage.<br><br><font color=\'#EE0055\'>Upgrade your Ocklepod\'s abilities after hiring, by spending Krakens below.</font>'),
	(3615, 0, 'http://lkimg.zamimg.com/images/v2/items/icons/size32x32/3615.png', 'Mercenary Upgrade 1', 'Gives your mercenary the first level upgrade.<br><br><font color=\'#FF9900\'>Razorfin</font> - Upon aggroing an enemy champion, your Razorfin will pursue them endlessly. While attacking enemy champions your Razorfin has 100% increased movement speed and ignores unit collision.<br><br><font color=\'#FF9900\'>Ironback</font> - Your Ironback deals 175% damage to enemy structures. Your Ironback gains a shield that blocks the attack damage from the next basic attack from a champion or a turret (on-hit effects like Lich Bane are not blocked). The shield is renewed 10 seconds after it breaks.<br><br><font color=\'#FF9900\'>Plundercrab</font> - Your Plundercrab has +50 attack range. Your Plundercrab now gains a stacking 20% attack speed buff (up to 150%) for 3 seconds every time they hit an enemy champion.<br><br><font color=\'#FF9900\'>Ocklepod</font> - Your Ocklepod has 10 Magic Resistance. Your Ocklepod spawns a moving Clairvoyance every 30 seconds. After a 4 second delay, it grants vision to a nearby area for 4 seconds.'),
	(3616, 0, 'http://lkimg.zamimg.com/images/v2/items/icons/size32x32/3616.png', 'Mercenary Upgrade 2', 'Gives your mercenary the second level upgrade.<br><br><font color=\'#FF9900\'>Razorfin</font> - Each time your Razorfin hits an enemy champion, it applies a mark. On the 3rd mark, Razorfins deal 300% damage to the target.<br><br><font color=\'#FF9900\'>Ironback</font> - Your Ironback deals 250% damage to enemy structures. While your Ironbacks\' shield is active, it takes 35% reduced damage from minions.<br><br><font color=\'#FF9900\'>Plundercrab</font> - Your Plundercrab has +100 attack range. Your Plundercrab deals 150% damage on hitting enemy champions.<br><br><font color=\'#FF9900\'>Ocklepod</font> - Your Ocklepod has 20 Magic Resistance. Your Ocklepods\' shield now blocks 150 + (1 x Ocklepod\'s AD) damage.<br>'),
	(3617, 0, 'http://lkimg.zamimg.com/images/v2/items/icons/size32x32/3617.png', 'Mercenary Upgrade 3', 'Gives your mercenary the third level upgrade.<br><br><font color=\'#FF9900\'>Razorfin</font> - Two Razorfins will spawn for you in each wave.<br><br><font color=\'#FF9900\'>Ironback</font> - Your Ironback deals 325% damage to enemy structures. The shield cooldown is further reduced to 3 seconds, and while active, your Ironback takes 60% reduced damage from minions.<br><br><font color=\'#FF9900\'>Plundercrab</font> - Your Plundercrab has +150 attack range. Your Plundercrab\'s on-hit bonus now also applies when hitting enemy minions, and it will now shoot an additional cannonball at all nearby enemy champions.<br><br><font color=\'#FF9900\'>Ocklepod</font> - Your Ocklepods have 30 Magic Resistance, and their base shield strength is increased to 300. Your Ocklepods\' Clairvoyance are now cast every 10 seconds.'),
	(3621, 0, 'http://lkimg.zamimg.com/images/v2/items/icons/size32x32/3621.png', 'Offense Upgrade 1', 'Your mercenary permanently gains +10 Attack Damage (+10 total).'),
	(3622, 0, 'http://lkimg.zamimg.com/images/v2/items/icons/size32x32/3622.png', 'Offense Upgrade 2', 'Your mercenary permanently gains +20 Attack Damage (+30 total).<br>'),
	(3623, 0, 'http://lkimg.zamimg.com/images/v2/items/icons/size32x32/3623.png', 'Offense Upgrade 3', 'Your mercenary permanently gains +30 Attack Damage (+60 total).<br>'),
	(3624, 0, 'http://lkimg.zamimg.com/images/v2/items/icons/size32x32/3624.png', 'Defense Upgrade 1', 'Your mercenary permanently gains +100 HP (+100 total).<br>'),
	(3625, 0, 'http://lkimg.zamimg.com/images/v2/items/icons/size32x32/3625.png', 'Defense Upgrade 2', 'Your mercenary permanently gains +200 HP (+300 total).<br>'),
	(3626, 0, 'http://lkimg.zamimg.com/images/v2/items/icons/size32x32/3626.png', 'Defense Upgrade 3', 'Your mercenary permanently gains +300 HP (+600 total).<br>'),
	(3652, 2000, 'http://lkimg.zamimg.com/images/v2/items/icons/size32x32/3652.png', 'Typhoon Claws', '<stats>+30 Attack Damage<br>+20% Attack Speed<br>+4% Movement Speed</stats><br><br><unique>UNIQUE Passive - Phantom Hit:</unique> Basic Attacks grant Malice Charges upon hitting an enemy. After 3 stacks, your next 3 attacks will be at maximum attack speed, but deal -50% damage. Charges expire after 3 seconds.<br><br><i><font color=\'#FDD017\'>\'\'That is not the pounding of the rain.\'\'</font></i>'),
	(3706, 850, 'http://lkimg.zamimg.com/images/v2/items/icons/size32x32/3706.png', 'Stalker\'s Blade', '<stats>+30 Bonus Gold per Large Monster Kill</stats><br><passive>Passive - Chilling Smite:</passive> Smite can be cast on enemy champions, dealing reduced true damage and stealing 20% movement speed for 2 seconds. <br><br><passive>Passive - Jungler:</passive> Deal 45 additional magic damage to monsters over 2 seconds and gain 10 Health Regen and 5 Mana Regen per second while under attack from neutral monsters.<br><br><groupLimit>Limited to 1 Jungle item</groupLimit>'),
	(3707, 2250, 'http://lkimg.zamimg.com/images/v2/items/icons/size32x32/3707.png', 'Enchantment: Warrior', '<stats>+40 Attack Damage<br>+10% Cooldown Reduction<br>+10 Armor Penetration</stats>'),
	(3708, 2250, 'http://lkimg.zamimg.com/images/v2/items/icons/size32x32/3708.png', 'Enchantment: Runeglaive', '<stats>+50 Ability Power<br><mana>+200 Mana</mana><br>+10% Cooldown Reduction</stats><br><br><unique>UNIQUE Passive - Spellblade:</unique> After using an ability, the next basic attack deals 100% Base Attack Damage (+30% of Ability Power) bonus magic damage on hit (1.5 second cooldown). When directly attacking a monster, the bonus damage is reapplied in an AoE around the target, and 8% of your missing Mana is restored.'),
	(3709, 2250, 'http://lkimg.zamimg.com/images/v2/items/icons/size32x32/3709.png', 'Enchantment: Cinderhulk', '<stats>+400 Health<br>+15% Bonus Health</stats><br><br><unique>UNIQUE Passive - Immolate:</unique> Deals 15 (+0.6 per champion level) magic damage a second to nearby enemies. Deals 100% bonus damage to monsters. '),
	(3710, 2250, 'http://lkimg.zamimg.com/images/v2/items/icons/size32x32/3710.png', 'Enchantment: Devourer', '<stats>+50% Attack Speed<br>+30 Magic Damage on Hit</stats><br><br><unique>Passive - Devouring Spirit:</unique> Takedowns on enemies increase the magic damage of this item:<br>+1 for Champions or Large Monsters<br>+2 for Rift Scuttlers<br>+5 for Epic Monsters<br><br>At 30 Stacks, your Devourer becomes Sated, granting extra on Hit effects.'),
	(3711, 850, 'http://lkimg.zamimg.com/images/v2/items/icons/size32x32/3711.png', 'Poacher\'s Knife', '<stats>+30 Bonus Gold per Large Monster Kill</stats><br><passive>Passive - Scavenging Smite:</passive> When you Smite a large monster in the enemy jungle, you gain half a charge of Smite. If you kill that monster, you gain +20 bonus Gold, and you gain 175% increased Movement Speed decaying over 2 seconds.<br><br><passive>Passive - Jungler:</passive> Deal 45 additional magic damage to monsters over 2 seconds and gain 10 Health Regen and 5 Mana Regen per second while under attack from neutral monsters.<br><br><groupLimit>Limited to 1 Jungle item</groupLimit>'),
	(3713, 850, 'http://lkimg.zamimg.com/images/v2/items/icons/size32x32/3713.png', 'Ranger\'s Trailblazer', '<stats>+30 Bonus Gold per Large Monster Kill</stats><br><passive>Passive - Blasting Smite:</passive> Smite deals damage in an area, dealing half damage to all monsters and enemy minions near the target and stuns them for 1.5 seconds. Casting Smite on a monster restores 15% of missing Health and Mana. <br><br><passive>Passive - Jungler:</passive> Deal 45 additional magic damage to monsters over 2 seconds and gain 10 Health Regen and 5 Mana Regen per second while under attack from neutral monsters.<br><br><groupLimit>Limited to 1 Jungle item</groupLimit>'),
	(3714, 2250, 'http://lkimg.zamimg.com/images/v2/items/icons/size32x32/3714.png', 'Enchantment: Warrior', '<stats>+40 Attack Damage<br>+10% Cooldown Reduction<br>+10 Armor Penetration</stats>'),
	(3715, 850, 'http://lkimg.zamimg.com/images/v2/items/icons/size32x32/3715.png', 'Skirmisher\'s Sabre', '<stats>+30 Bonus Gold per Large Monster Kill</stats><br><passive>Passive - Challenging Smite:</passive> Smite can be cast on enemy champions, marking them for 4 seconds. While marked, basic attacks deal true damage over 3 seconds, you have vision of them, and their damage to you is reduced by 20%.<br><br><passive>Passive - Jungler:</passive> Deal 45 additional magic damage to monsters over 2 seconds and gain 10 Health Regen and 5 Mana Regen per second while under attack from neutral monsters.<br><br><groupLimit>Limited to 1 Jungle item</groupLimit>'),
	(3716, 2250, 'http://lkimg.zamimg.com/images/v2/items/icons/size32x32/3716.png', 'Enchantment: Runeglaive', '<stats>+50 Ability Power<br><mana>+200 Mana</mana><br>+10% Cooldown Reduction</stats><br><br><unique>UNIQUE Passive - Spellblade:</unique> After using an ability, the next basic attack deals 100% Base Attack Damage (+30% of Ability Power) bonus magic damage on hit (1.5 second cooldown). When directly attacking a monster, the bonus damage is reapplied in an AoE around the target, and 8% of your missing Mana is restored.'),
	(3717, 2250, 'http://lkimg.zamimg.com/images/v2/items/icons/size32x32/3717.png', 'Enchantment: Cinderhulk', '<stats>+400 Health<br>+15% Bonus Health</stats><br><br><unique>UNIQUE Passive - Immolate:</unique> Deals 15 (+0.6 per champion level) magic damage a second to nearby enemies. Deals 100% bonus damage to monsters. '),
	(3718, 2250, 'http://lkimg.zamimg.com/images/v2/items/icons/size32x32/3718.png', 'Enchantment: Devourer', '<stats>+50% Attack Speed<br>+30 Magic Damage on Hit</stats><br><br><unique>Passive - Devouring Spirit:</unique> Takedowns on enemies increase the magic damage of this item:<br>+1 for Champions or Large Monsters<br>+2 for Rift Scuttlers<br>+5 for Epic Monsters<br><br>At 30 Stacks, your Devourer becomes Sated, granting extra on Hit effects.'),
	(3719, 2250, 'http://lkimg.zamimg.com/images/v2/items/icons/size32x32/3719.png', 'Enchantment: Warrior', '<stats>+40 Attack Damage<br>+10% Cooldown Reduction<br>+10 Armor Penetration</stats>'),
	(3720, 2250, 'http://lkimg.zamimg.com/images/v2/items/icons/size32x32/3720.png', 'Enchantment: Runeglaive', '<stats>+50 Ability Power<br><mana>+200 Mana</mana><br>+10% Cooldown Reduction</stats><br><br><unique>UNIQUE Passive - Spellblade:</unique> After using an ability, the next basic attack deals 100% Base Attack Damage (+30% of Ability Power) bonus magic damage on hit (1.5 second cooldown). When directly attacking a monster, the bonus damage is reapplied in an AoE around the target, and 8% of your missing Mana is restored.'),
	(3721, 2250, 'http://lkimg.zamimg.com/images/v2/items/icons/size32x32/3721.png', 'Enchantment: Cinderhulk', '<stats>+400 Health<br>+15% Bonus Health</stats><br><br><unique>UNIQUE Passive - Immolate:</unique> Deals 15 (+0.6 per champion level) magic damage a second to nearby enemies. Deals 100% bonus damage to monsters. '),
	(3722, 2250, 'http://lkimg.zamimg.com/images/v2/items/icons/size32x32/3722.png', 'Enchantment: Devourer', '<stats>+50% Attack Speed<br>+30 Magic Damage on Hit</stats><br><br><unique>Passive - Devouring Spirit:</unique> Takedowns on enemies increase the magic damage of this item:<br>+1 for Champions or Large Monsters<br>+2 for Rift Scuttlers<br>+5 for Epic Monsters<br><br>At 30 Stacks, your Devourer becomes Sated, granting extra on Hit effects.'),
	(3723, 2250, 'http://lkimg.zamimg.com/images/v2/items/icons/size32x32/3723.png', 'Enchantment: Warrior', '<stats>+40 Attack Damage<br>+10% Cooldown Reduction<br>+10 Armor Penetration</stats>'),
	(3724, 2250, 'http://lkimg.zamimg.com/images/v2/items/icons/size32x32/3724.png', 'Enchantment: Runeglaive', '<stats>+50 Ability Power<br><mana>+200 Mana</mana><br>+10% Cooldown Reduction</stats><br><br><unique>UNIQUE Passive - Spellblade:</unique> After using an ability, the next basic attack deals 100% Base Attack Damage (+30% of Ability Power) bonus magic damage on hit (1.5 second cooldown). When directly attacking a monster, the bonus damage is reapplied in an AoE around the target, and 8% of your missing Mana is restored.'),
	(3725, 2250, 'http://lkimg.zamimg.com/images/v2/items/icons/size32x32/3725.png', 'Enchantment: Cinderhulk', '<stats>+400 Health<br>+15% Bonus Health</stats><br><br><unique>UNIQUE Passive - Immolate:</unique> Deals 15 (+0.6 per champion level) magic damage a second to nearby enemies. Deals 100% bonus damage to monsters. '),
	(3726, 2250, 'http://lkimg.zamimg.com/images/v2/items/icons/size32x32/3726.png', 'Enchantment: Devourer', '<stats>+50% Attack Speed<br>+30 Magic Damage on Hit</stats><br><br><unique>Passive - Devouring Spirit:</unique> Takedowns on enemies increase the magic damage of this item:<br>+1 for Champions or Large Monsters<br>+2 for Rift Scuttlers<br>+5 for Epic Monsters<br><br>At 30 Stacks, your Devourer becomes Sated, granting extra on Hit effects.'),
	(3742, 2750, 'http://lkimg.zamimg.com/images/v2/items/icons/size32x32/3742.png', 'Dead Man\'s Plate', '<stats>+600 Health<br>+50 Armor</stats><br><br><unique>UNIQUE Passive - Dreadnought:</unique> While moving, build stacks of Momentum, increasing movement speed by up to 60 at 100 stacks. Momentum quickly decays while under the effects of a stun, taunt, fear, silence, blind, polymorph, or immobilize effect, and slowly decays while slowed.<br><unique>UNIQUE Passive - Crushing Blow:</unique> Basic attacks discharge all Momentum, dealing 1 physical damage per 2 stacks. If 100 stacks are discharged, damage is doubled and the target is slowed by 75% decaying over 1 second (melee only).<br><br><font color=\'#FDD017\'><i>\'\'There\'s only one way you\'ll get this armor from me...\'\'</i> - forgotten namesake</font>'),
	(3744, 1635, 'http://lkimg.zamimg.com/images/v2/items/icons/size32x32/3744.png', 'Staff of Flowing Water', '<stats>+40 Ability Power<br>+25 Magic Resist<br><mana>+50% Base Mana Regen </mana></stats><br><br><mana><unique>UNIQUE Passive - Mana Font:</unique> Restores 2% of missing Mana every 5 seconds.</mana><br><unique>UNIQUE Passive:</unique> Gain 30% Movement Speed and 10 Mana Regen per 5 seconds while in the river.<br><i>(Unique Passives with the same name do not stack.)</i><br><br><i><font color=\'#FDD017\'>\'\'News travels fast along the Ionian riverside.\'\'</font></i>'),
	(3745, 2200, 'http://lkimg.zamimg.com/images/v2/items/icons/size32x32/3745.png', 'Puppeteer', '<stats>+250 Health<br>+25 Magic Resist<br><mana>+50% Base Mana Regen </mana><br>+20% Cooldown Reduction</stats><br><br><mana><unique>UNIQUE Passive - Mana Font:</unique> Restores 2% of missing Mana every 5 seconds.</mana><br><unique>UNIQUE Passive:</unique> Basic attacks mark champions with a string for 6 seconds. Moving further than 1000 range away from marked champions will break the string.<br><active>UNIQUE Active:</active> Pull all champions Marked by Puppeteer within 1000 range towards you. Units move a maximum of 250 distance (45 second cooldown).<br><br><i><font color=\'#FDD017\'>\'\'Perhaps reading this wasn\'t your idea.\'\'</font></i>'),
	(3748, 3300, 'http://lkimg.zamimg.com/images/v2/items/icons/size32x32/3748.png', 'Titanic Hydra (Melee Only)', '<stats>+400 Health<br>+50 Attack Damage<br>+100% Base Health Regen </stats><br><br><unique>UNIQUE Passive - Cleave:</unique> Basic attacks deal 5 + 1% of your maximum health as bonus physical damage  to your target and 40 + 2.5% of your maximum health as physical damage  to other enemies in a cone on hit.<br><active>UNIQUE Active - Crescent:</active> Cleave damage to all targets is increased to 40 + 10% of your maximum health as bonus physical damage  in a larger cone for your next basic attack (20 second cooldown).<br><br><i>(Unique Passives with the same name don\'t stack.)</i>'),
	(3751, 1000, 'http://lkimg.zamimg.com/images/v2/items/icons/size32x32/3751.png', 'Bami\'s Cinder', '<stats>+300 Health  </stats><br><br><unique>UNIQUE Passive - Immolate:</unique> Deals 5 (+1 per champion level) magic damage per second to nearby enemies. Deals 50% bonus damage to minions and monsters.'),
	(3800, 2400, 'http://lkimg.zamimg.com/images/v2/items/icons/size32x32/3800.png', 'Righteous Glory', '<stats>+500 Health<br><mana>+300 Mana</mana><br>+100% Base Health Regen </stats><br><br><unique>UNIQUE Active:</unique> Grants +60% Movement Speed to nearby allies when moving towards enemies or enemy turrets for 3 seconds. After 3 seconds, a shockwave is emitted, slowing nearby enemy champion Movement Speed by 80% for 1 second(s) (90 second cooldown).<br><br>This effect may be reactivated early to instantly release the shockwave.'),
	(3801, 600, 'http://lkimg.zamimg.com/images/v2/items/icons/size32x32/3801.png', 'Crystalline Bracer', '<stats>+200 Health<br>+50% Base Health Regen </stats>'),
	(3829, 2115, 'http://lkimg.zamimg.com/images/v2/items/icons/size32x32/3829.png', 'Trickster\'s Glass', '<stats>+60 Ability Power<br>+400 Health</stats><br><br><unique>UNIQUE Passive - Eyes of Pain:</unique> +15 Magic Penetration<br><unique>UNIQUE Active - Disguise:</unique> Teleport to target ally and take on their appearance for 30 seconds. Casting a spell or attacking breaks the deception (90 second cooldown).<br><br><i><font color=\'#FDD017\'>\'\'Faces can not but lie.\'\'</font></i>'),
	(3840, 2100, 'http://lkimg.zamimg.com/images/v2/items/icons/size32x32/3840.png', 'Globe of Trust', '<stats>+20% Cooldown Reduction<br><mana>+150% Base Mana Regen </mana></stats><br><br><unique>UNIQUE Active - Safe Harbor:</unique> Lobs a bubble that shields nearby allies for 150 Health and generates gold equal to 25% of the damage absorbed (maximum of 100 gold per cast) (15 second cooldown). Self cast shields will not generate gold from Monster damage.<br><br><i><font color=\'#FDD017\'>\'\'Theft is better with accomplices.\'\'</font></i>'),
	(3841, 865, 'http://lkimg.zamimg.com/images/v2/items/icons/size32x32/3841.png', 'Swindler\'s Orb', '<stats>+10% Cooldown Reduction<mana><br>+50% Base Mana Regen </mana></stats><br><br><unique>UNIQUE Active - Swindler\'s Shield:</unique> Shield ally for 100 Health and generate gold equal to 25% of the damage absorbed (15 second cooldown). Self cast shields will not generate gold from Monster damage.<br><br><i><font color=\'#FDD017\'>\'\'Partners in crime.\'\'</font></i>'),
	(3844, 365, 'http://lkimg.zamimg.com/images/v2/items/icons/size32x32/3844.png', 'Murksphere', '<stats>+5% Cooldown Reduction<mana><br>+25% Base Mana Regen </mana></stats><br><br><unique>UNIQUE Active - Swindler\'s Shield:</unique> Shield ally for 60 Health and generate gold equal to 25% of the damage absorbed (15 second cooldown). Self cast shields will not generate gold from Monster damage.<br><br><i><font color=\'#FDD017\'>\'\'Profit makes fast friends.\'\'</font></i>'),
	(3901, 0, 'http://lkimg.zamimg.com/images/v2/items/icons/size32x32/3901.png', 'Fire at Will', 'Requires 500 Silver Serpents.<br><br><unique>UNIQUE Passive:</unique> Cannon Barrage fires at an increasing rate over time (additional 6 waves over the duration).'),
	(3902, 0, 'http://lkimg.zamimg.com/images/v2/items/icons/size32x32/3902.png', 'Death\'s Daughter', 'Requires 500 Silver Serpents.<br><br><unique>UNIQUE Passive:</unique>  Cannon Barrage additionally fires a mega-cannonball at center of the Barrage, dealing 300% true damage and slowing them by 60% for 1.5 seconds. '),
	(3903, 0, 'http://lkimg.zamimg.com/images/v2/items/icons/size32x32/3903.png', 'Raise Morale', 'Requires 500 Silver Serpents.<br><br><unique>UNIQUE Passive:</unique> Allies in the Cannon Barrage gain 30% Movement Speed for 2 seconds.'),
	(3911, 1850, 'http://lkimg.zamimg.com/images/v2/items/icons/size32x32/3911.png', 'Martyr\'s Gambit', '<stats>+400 Health<br>+100% Base Health Regen <br>+10% Cooldown Reduction</stats><br><br><active>UNIQUE Active:</active> Binds yourself to target champion for the next 3 seconds, redirecting 60% of all damage dealt to them to yourself (30 second cooldown).<br><br><font color=\'#FDD017\'><i>\'\'Battle is not a test of strength. It is a test of will.\'\'</i> - Buhru Proverb</font>'),
	(3924, 1460, 'http://lkimg.zamimg.com/images/v2/items/icons/size32x32/3924.png', 'Flesheater (Melee Only)', '<stats>+20 Attack Damage<br>+10% Life Steal</stats><br><br><font color=\'#FF9900\'><unique>UNIQUE Passive:</unique></font> Basic attacks build Flesh charges. After 5 basic attacks, the Flesheater active will be ready.<br><br><font color=\'#FF9900\'><active>UNIQUE Active - Flesheater:</active></font> Rip the flesh from target enemy minion dealing 200 (+75% AD) true damage to the target, healing the user for 50 (+75% AD) health and adding 1 Flesh stack to the item. <br><br><font color=\'#FF9900\'><unique>UNIQUE Passive:</unique></font> Each stack on Flesheater adds 1 AD to the wielder.<br><br><i><font color=\'#FDD017\'>\'\'No need to sharpen after use.\'\'</font></i>'),
	(3930, 2250, 'http://lkimg.zamimg.com/images/v2/items/icons/size32x32/3930.png', 'Enchantment: Sated Devourer', '<stats>+50% Attack Speed<br>+60 Magic Damage on Hit</stats><br><br><passive>Passive - Phantom Hit:</passive> Every other basic attack will trigger on Hit effects an additional time.'),
	(3931, 2250, 'http://lkimg.zamimg.com/images/v2/items/icons/size32x32/3931.png', 'Enchantment: Sated Devourer', '<stats>+50% Attack Speed<br>+60 Magic Damage on Hit</stats><br><br><passive>Passive - Phantom Hit:</passive> Every other basic attack will trigger on Hit effects an additional time.'),
	(3932, 2250, 'http://lkimg.zamimg.com/images/v2/items/icons/size32x32/3932.png', 'Enchantment: Sated Devourer', '<stats>+50% Attack Speed<br>+60 Magic Damage on Hit</stats><br><br><passive>Passive - Phantom Hit:</passive> Every other basic attack will trigger on Hit effects an additional time.'),
	(3933, 2250, 'http://lkimg.zamimg.com/images/v2/items/icons/size32x32/3933.png', 'Enchantment: Sated Devourer', '<stats>+50% Attack Speed<br>+60 Magic Damage on Hit</stats><br><br><passive>Passive - Phantom Hit:</passive> Every other basic attack will trigger on Hit effects an additional time.');
/*!40000 ALTER TABLE `Items` ENABLE KEYS */;


-- Exportiere Struktur von Tabelle ni50265_1sql1.ItemSetMap
CREATE TABLE IF NOT EXISTS `ItemSetMap` (
  `ID` int(11) NOT NULL AUTO_INCREMENT,
  `ItemSetID` int(11) NOT NULL,
  `BlockID` int(11) NOT NULL,
  `ItemID` int(11) NOT NULL,
  `ItemCount` int(11) NOT NULL,
  PRIMARY KEY (`ID`)
) ENGINE=InnoDB AUTO_INCREMENT=90 DEFAULT CHARSET=latin1;

-- Exportiere Daten aus Tabelle ni50265_1sql1.ItemSetMap: ~35 rows (ungefähr)
/*!40000 ALTER TABLE `ItemSetMap` DISABLE KEYS */;
INSERT INTO `ItemSetMap` (`ID`, `ItemSetID`, `BlockID`, `ItemID`, `ItemCount`) VALUES
	(1, 1, 1, 3151, 0),
	(2, 1, 2, 1001, 0),
	(3, 1, 2, 1004, 0),
	(5, 1, 2, 1011, 2),
	(6, 1, 2, 1018, 4),
	(7, 1, 2, 1026, 1),
	(8, 1, 2, 1027, 0),
	(9, 1, 2, 1028, 2),
	(10, 1, 2, 1029, 4),
	(11, 1, 2, 1031, 2),
	(12, 1, 2, 1033, 5),
	(13, 1, 2, 1036, 0),
	(14, 1, 2, 1037, 3),
	(15, 1, 2, 1038, 69),
	(16, 1, 2, 1039, 3),
	(17, 1, 2, 1042, 1),
	(18, 1, 2, 1043, 2),
	(19, 1, 2, 1051, 3),
	(20, 1, 2, 1052, 5),
	(21, 1, 2, 1053, 2),
	(22, 1, 2, 1054, 5),
	(23, 1, 2, 1055, 1),
	(24, 1, 2, 1056, 4),
	(25, 1, 2, 1057, 1),
	(26, 1, 2, 1058, 1),
	(27, 1, 2, 1074, 1),
	(28, 1, 2, 1075, 1),
	(29, 1, 2, 1076, 1),
	(40, 13, 20, 3074, 1),
	(41, 13, 20, 3031, 1),
	(42, 13, 20, 3078, 1),
	(43, 13, 20, 3156, 1),
	(84, 26, 32, 3340, 1),
	(85, 26, 32, 3083, 1),
	(86, 27, 34, 3074, 1),
	(87, 27, 34, 3031, 1),
	(88, 27, 34, 3078, 1),
	(89, 27, 34, 3156, 4);
/*!40000 ALTER TABLE `ItemSetMap` ENABLE KEYS */;


-- Exportiere Struktur von Tabelle ni50265_1sql1.ItemSets
CREATE TABLE IF NOT EXISTS `ItemSets` (
  `ID` int(10) unsigned NOT NULL AUTO_INCREMENT,
  `OwnerID` int(10) unsigned NOT NULL DEFAULT '0',
  `Title` varchar(500) NOT NULL DEFAULT 'Itemset Title',
  `Type` char(6) NOT NULL DEFAULT 'Custom',
  `Map` char(3) NOT NULL DEFAULT 'any' COMMENT 'Can be "any", "SR", "HA", "TT", "CS"',
  `Mode` char(7) NOT NULL DEFAULT 'any' COMMENT 'Can be "any", "CLASSIC", "ARAM", "ODIN"',
  `Sortrank` int(10) unsigned NOT NULL DEFAULT '0',
  `Champion` varchar(50) NOT NULL DEFAULT 'Champion',
  `Date` bigint(20) unsigned NOT NULL,
  PRIMARY KEY (`ID`)
) ENGINE=InnoDB AUTO_INCREMENT=28 DEFAULT CHARSET=latin1;

-- Exportiere Daten aus Tabelle ni50265_1sql1.ItemSets: ~3 rows (ungefähr)
/*!40000 ALTER TABLE `ItemSets` DISABLE KEYS */;
INSERT INTO `ItemSets` (`ID`, `OwnerID`, `Title`, `Type`, `Map`, `Mode`, `Sortrank`, `Champion`, `Date`) VALUES
	(1, 1, 'Itemset Title', 'Custom', 'any', 'any', 0, 'Aatrox', 10),
	(13, 1, 'poppy OP', 'Custom', 'any', 'any', 0, 'Poppy', 1441048456),
	(26, 1, 'tewigpjhgr', 'Custom', 'any', 'any', 0, 'Champion', 1441060785),
	(27, 1, 'poppy OP', 'Custom', 'any', 'any', 0, 'Poppy', 1441060849);
/*!40000 ALTER TABLE `ItemSets` ENABLE KEYS */;


-- Exportiere Struktur von Tabelle ni50265_1sql1.ItemTags
CREATE TABLE IF NOT EXISTS `ItemTags` (
  `ID` int(11) NOT NULL AUTO_INCREMENT,
  `ItemID` int(11) NOT NULL,
  `Tag` varchar(100) NOT NULL,
  PRIMARY KEY (`ID`)
) ENGINE=InnoDB AUTO_INCREMENT=721 DEFAULT CHARSET=latin1;

-- Exportiere Daten aus Tabelle ni50265_1sql1.ItemTags: ~271 rows (ungefähr)
/*!40000 ALTER TABLE `ItemTags` DISABLE KEYS */;
INSERT INTO `ItemTags` (`ID`, `ItemID`, `Tag`) VALUES
	(1, 3725, 'Health'),
	(2, 3725, 'Jungle'),
	(3, 3724, 'CooldownReduction'),
	(4, 3724, 'Jungle'),
	(5, 3724, 'Mana'),
	(6, 3724, 'SpellDamage'),
	(7, 3089, 'SpellDamage'),
	(8, 3723, 'ArmorPenetration'),
	(9, 3723, 'CooldownReduction'),
	(10, 3723, 'Damage'),
	(11, 3723, 'Jungle'),
	(12, 3722, 'AttackSpeed'),
	(13, 3722, 'Damage'),
	(14, 3722, 'Jungle'),
	(15, 3722, 'OnHit'),
	(16, 3087, 'AttackSpeed'),
	(17, 3087, 'CriticalStrike'),
	(18, 3087, 'NonbootsMovement'),
	(19, 3087, 'OnHit'),
	(20, 3721, 'Health'),
	(21, 3721, 'Jungle'),
	(22, 3086, 'AttackSpeed'),
	(23, 3086, 'CriticalStrike'),
	(24, 3086, 'NonbootsMovement'),
	(25, 2004, 'Consumable'),
	(26, 2004, 'Lane'),
	(27, 3720, 'CooldownReduction'),
	(28, 3720, 'Jungle'),
	(29, 3720, 'Mana'),
	(30, 3720, 'SpellDamage'),
	(31, 3085, 'AttackSpeed'),
	(32, 3085, 'OnHit'),
	(33, 3084, 'Health'),
	(34, 3084, 'HealthRegen'),
	(35, 3083, 'Health'),
	(36, 3083, 'HealthRegen'),
	(37, 2003, 'Consumable'),
	(38, 2003, 'Jungle'),
	(39, 2003, 'Lane'),
	(40, 3082, 'Armor'),
	(41, 3082, 'Slow'),
	(42, 3285, 'NonbootsMovement'),
	(43, 3285, 'OnHit'),
	(44, 3285, 'SpellDamage'),
	(45, 3726, 'AttackSpeed'),
	(46, 3726, 'Damage'),
	(47, 3726, 'Jungle'),
	(48, 3726, 'OnHit'),
	(49, 3924, 'Active'),
	(50, 3924, 'Bilgewater'),
	(51, 3924, 'Damage'),
	(52, 3924, 'LifeSteal'),
	(53, 3711, 'Damage'),
	(54, 3711, 'HealthRegen'),
	(55, 3711, 'Jungle'),
	(56, 3711, 'ManaRegen'),
	(57, 3711, 'NonbootsMovement'),
	(58, 3711, 'OnHit'),
	(59, 3098, 'Active'),
	(60, 3098, 'GoldPer'),
	(61, 3098, 'ManaRegen'),
	(62, 3098, 'SpellDamage'),
	(63, 3714, 'ArmorPenetration'),
	(64, 3714, 'CooldownReduction'),
	(65, 3714, 'Damage'),
	(66, 3714, 'Jungle'),
	(67, 3713, 'Damage'),
	(68, 3713, 'HealthRegen'),
	(69, 3713, 'Jungle'),
	(70, 3713, 'ManaRegen'),
	(71, 3713, 'OnHit'),
	(72, 3290, 'Active'),
	(73, 3290, 'CooldownReduction'),
	(74, 3290, 'NonbootsMovement'),
	(75, 3290, 'Slow'),
	(76, 3290, 'SpellDamage'),
	(77, 3290, 'Stealth'),
	(78, 3290, 'Vision'),
	(79, 3710, 'AttackSpeed'),
	(80, 3710, 'Damage'),
	(81, 3710, 'Jungle'),
	(82, 3710, 'OnHit'),
	(83, 3097, 'Aura'),
	(84, 3097, 'GoldPer'),
	(85, 3097, 'Health'),
	(86, 3097, 'HealthRegen'),
	(87, 3096, 'Active'),
	(88, 3096, 'GoldPer'),
	(89, 3096, 'HealthRegen'),
	(90, 3096, 'ManaRegen'),
	(91, 3096, 'NonbootsMovement'),
	(92, 3091, 'AttackSpeed'),
	(93, 3091, 'OnHit'),
	(94, 3091, 'SpellBlock'),
	(95, 3719, 'ArmorPenetration'),
	(96, 3719, 'CooldownReduction'),
	(97, 3719, 'Damage'),
	(98, 3719, 'Jungle'),
	(99, 3090, 'Active'),
	(100, 3090, 'Armor'),
	(101, 3090, 'SpellDamage'),
	(102, 3093, 'CriticalStrike'),
	(103, 3093, 'GoldPer'),
	(104, 3092, 'Active'),
	(105, 3092, 'CooldownReduction'),
	(106, 3092, 'GoldPer'),
	(107, 3092, 'ManaRegen'),
	(108, 3092, 'Slow'),
	(109, 3092, 'SpellDamage'),
	(110, 3716, 'CooldownReduction'),
	(111, 3716, 'Jungle'),
	(112, 3716, 'Mana'),
	(113, 3716, 'SpellDamage'),
	(114, 3715, 'Damage'),
	(115, 3715, 'HealthRegen'),
	(116, 3715, 'Jungle'),
	(117, 3715, 'ManaRegen'),
	(118, 3715, 'OnHit'),
	(119, 3718, 'AttackSpeed'),
	(120, 3718, 'Damage'),
	(121, 3718, 'Jungle'),
	(122, 3718, 'OnHit'),
	(123, 3717, 'Health'),
	(124, 3717, 'Jungle'),
	(125, 3911, 'Bilgewater'),
	(126, 3911, 'CooldownReduction'),
	(127, 3911, 'Health'),
	(128, 3911, 'HealthRegen'),
	(129, 3742, 'Armor'),
	(130, 3742, 'Bilgewater'),
	(131, 3742, 'Health'),
	(132, 3742, 'NonbootsMovement'),
	(133, 3742, 'OnHit'),
	(134, 3599, 'Active'),
	(135, 3745, 'Active'),
	(136, 3745, 'Bilgewater'),
	(137, 3745, 'CooldownReduction'),
	(138, 3745, 'Health'),
	(139, 3745, 'ManaRegen'),
	(140, 3745, 'OnHit'),
	(141, 3745, 'SpellBlock'),
	(142, 3745, 'SpellDamage'),
	(143, 3744, 'Active'),
	(144, 3744, 'Bilgewater'),
	(145, 3744, 'CooldownReduction'),
	(146, 3744, 'SpellDamage'),
	(147, 1075, 'Damage'),
	(148, 1075, 'Health'),
	(149, 1075, 'LifeSteal'),
	(150, 1075, 'OnHit'),
	(151, 1074, 'Health'),
	(152, 1074, 'HealthRegen'),
	(153, 3844, 'Bilgewater'),
	(154, 3844, 'CooldownReduction'),
	(155, 3844, 'GoldPer'),
	(156, 3844, 'ManaRegen'),
	(157, 3748, 'Active'),
	(158, 3748, 'Damage'),
	(159, 3748, 'Health'),
	(160, 3748, 'HealthRegen'),
	(161, 3748, 'OnHit'),
	(162, 1076, 'Health'),
	(163, 1076, 'ManaRegen'),
	(164, 1076, 'SpellDamage'),
	(165, 3841, 'Bilgewater'),
	(166, 3841, 'CooldownReduction'),
	(167, 3841, 'GoldPer'),
	(168, 3841, 'ManaRegen'),
	(169, 3840, 'Bilgewater'),
	(170, 3840, 'CooldownReduction'),
	(171, 3840, 'GoldPer'),
	(172, 3840, 'ManaRegen'),
	(173, 1063, 'Health'),
	(174, 1063, 'ManaRegen'),
	(175, 1063, 'SpellDamage'),
	(176, 1062, 'AttackSpeed'),
	(177, 1062, 'Damage'),
	(178, 1062, 'Health'),
	(179, 1058, 'SpellDamage'),
	(180, 1056, 'Health'),
	(181, 1056, 'Lane'),
	(182, 1056, 'ManaRegen'),
	(183, 1056, 'SpellDamage'),
	(184, 1057, 'SpellBlock'),
	(185, 3930, 'AttackSpeed'),
	(186, 3930, 'Damage'),
	(187, 3930, 'Jungle'),
	(188, 3930, 'OnHit'),
	(189, 3931, 'AttackSpeed'),
	(190, 3931, 'Damage'),
	(191, 3931, 'Jungle'),
	(192, 3931, 'OnHit'),
	(193, 3932, 'AttackSpeed'),
	(194, 3932, 'Damage'),
	(195, 3932, 'Jungle'),
	(196, 3932, 'OnHit'),
	(197, 3933, 'AttackSpeed'),
	(198, 3933, 'Damage'),
	(199, 3933, 'Jungle'),
	(200, 3933, 'OnHit'),
	(201, 3110, 'Armor'),
	(202, 3110, 'Aura'),
	(203, 3110, 'CooldownReduction'),
	(204, 3110, 'Mana'),
	(205, 3111, 'Boots'),
	(206, 3111, 'SpellBlock'),
	(207, 3111, 'Tenacity'),
	(208, 3112, 'HealthRegen'),
	(209, 3112, 'SpellBlock'),
	(210, 3829, 'Active'),
	(211, 3829, 'Bilgewater'),
	(212, 3829, 'Health'),
	(213, 3829, 'MagicPenetration'),
	(214, 3829, 'NonbootsMovement'),
	(215, 3829, 'SpellDamage'),
	(216, 3106, 'AttackSpeed'),
	(217, 3106, 'OnHit'),
	(218, 3108, 'CooldownReduction'),
	(219, 3108, 'SpellDamage'),
	(220, 3102, 'Health'),
	(221, 3102, 'HealthRegen'),
	(222, 3102, 'SpellBlock'),
	(223, 3105, 'Aura'),
	(224, 3105, 'Health'),
	(225, 3105, 'HealthRegen'),
	(226, 3105, 'SpellBlock'),
	(227, 3104, 'CriticalStrike'),
	(228, 3104, 'Damage'),
	(229, 3100, 'Mana'),
	(230, 3100, 'NonbootsMovement'),
	(231, 3100, 'SpellDamage'),
	(232, 3101, 'AttackSpeed'),
	(233, 3101, 'CooldownReduction'),
	(234, 3801, 'Health'),
	(235, 3801, 'HealthRegen'),
	(236, 3706, 'Damage'),
	(237, 3706, 'HealthRegen'),
	(238, 3706, 'Jungle'),
	(239, 3706, 'ManaRegen'),
	(240, 3706, 'OnHit'),
	(241, 3707, 'ArmorPenetration'),
	(242, 3707, 'CooldownReduction'),
	(243, 3707, 'Damage'),
	(244, 3707, 'Jungle'),
	(245, 3800, 'Active'),
	(246, 3800, 'Health'),
	(247, 3800, 'HealthRegen'),
	(248, 3800, 'Mana'),
	(249, 3800, 'NonbootsMovement'),
	(250, 3800, 'Slow'),
	(251, 3504, 'CooldownReduction'),
	(252, 3504, 'ManaRegen'),
	(253, 3504, 'NonbootsMovement'),
	(254, 3504, 'SpellDamage'),
	(255, 3708, 'CooldownReduction'),
	(256, 3708, 'Jungle'),
	(257, 3708, 'Mana'),
	(258, 3708, 'SpellDamage'),
	(259, 3709, 'Health'),
	(260, 3709, 'Jungle'),
	(261, 3508, 'CooldownReduction'),
	(262, 3508, 'Damage'),
	(263, 3508, 'LifeSteal'),
	(264, 3508, 'ManaRegen'),
	(265, 3361, 'Active'),
	(266, 3361, 'Trinket'),
	(267, 3361, 'Vision'),
	(268, 3362, 'Active'),
	(269, 3362, 'Trinket'),
	(270, 3362, 'Vision'),
	(271, 3363, 'Active'),
	(272, 3363, 'Trinket'),
	(273, 3363, 'Vision'),
	(274, 3364, 'Active'),
	(275, 3364, 'Trinket'),
	(276, 3364, 'Vision'),
	(277, 2140, 'Consumable'),
	(278, 2140, 'Damage'),
	(279, 2140, 'LifeSteal'),
	(280, 2140, 'SpellVamp'),
	(281, 2138, 'Consumable'),
	(282, 2138, 'NonbootsMovement'),
	(283, 2138, 'Tenacity'),
	(284, 2139, 'Consumable'),
	(285, 2139, 'ManaRegen'),
	(286, 2139, 'SpellDamage'),
	(287, 2137, 'Consumable'),
	(288, 2137, 'Health'),
	(289, 1004, 'ManaRegen'),
	(290, 1001, 'Boots'),
	(291, 3146, 'Active'),
	(292, 3146, 'Damage'),
	(293, 3146, 'LifeSteal'),
	(294, 3146, 'Slow'),
	(295, 3146, 'SpellDamage'),
	(296, 3146, 'SpellVamp'),
	(297, 1006, 'HealthRegen'),
	(298, 3006, 'AttackSpeed'),
	(299, 3006, 'Boots'),
	(300, 3003, 'Mana'),
	(301, 3003, 'ManaRegen'),
	(302, 3003, 'SpellDamage'),
	(303, 3004, 'Damage'),
	(304, 3004, 'Mana'),
	(305, 3004, 'ManaRegen'),
	(306, 3004, 'OnHit'),
	(307, 3009, 'Boots'),
	(308, 3007, 'Mana'),
	(309, 3007, 'ManaRegen'),
	(310, 3007, 'SpellDamage'),
	(311, 3008, 'Damage'),
	(312, 3008, 'Mana'),
	(313, 3008, 'ManaRegen'),
	(314, 3008, 'OnHit'),
	(315, 3342, 'Active'),
	(316, 3342, 'Trinket'),
	(317, 3342, 'Vision'),
	(318, 3341, 'Active'),
	(319, 3341, 'Jungle'),
	(320, 3341, 'Trinket'),
	(321, 3341, 'Vision'),
	(322, 3340, 'Active'),
	(323, 3340, 'Jungle'),
	(324, 3340, 'Lane'),
	(325, 3340, 'Trinket'),
	(326, 3340, 'Vision'),
	(327, 3010, 'Health'),
	(328, 3010, 'HealthRegen'),
	(329, 3010, 'Mana'),
	(330, 3010, 'ManaRegen'),
	(331, 3156, 'Damage'),
	(332, 3156, 'SpellBlock'),
	(333, 3155, 'Damage'),
	(334, 3155, 'SpellBlock'),
	(335, 3154, 'Active'),
	(336, 3154, 'AttackSpeed'),
	(337, 3154, 'Damage'),
	(338, 3154, 'GoldPer'),
	(339, 3154, 'OnHit'),
	(340, 3154, 'Vision'),
	(341, 3153, 'Active'),
	(342, 3153, 'AttackSpeed'),
	(343, 3153, 'Damage'),
	(344, 3153, 'LifeSteal'),
	(345, 3153, 'NonbootsMovement'),
	(346, 3153, 'OnHit'),
	(347, 3152, 'CooldownReduction'),
	(348, 3152, 'SpellDamage'),
	(349, 3152, 'SpellVamp'),
	(350, 1011, 'Health'),
	(351, 3151, 'Health'),
	(352, 3151, 'MagicPenetration'),
	(353, 3151, 'SpellDamage'),
	(354, 3150, 'Active'),
	(355, 3150, 'Bilgewater'),
	(356, 3150, 'CriticalStrike'),
	(357, 3150, 'Damage'),
	(358, 3150, 'LifeSteal'),
	(359, 3150, 'NonbootsMovement'),
	(360, 3139, 'Active'),
	(361, 3139, 'Damage'),
	(362, 3139, 'NonbootsMovement'),
	(363, 3139, 'SpellBlock'),
	(364, 3135, 'MagicPenetration'),
	(365, 3135, 'SpellDamage'),
	(366, 3136, 'Health'),
	(367, 3136, 'MagicPenetration'),
	(368, 3136, 'SpellDamage'),
	(369, 3137, 'Active'),
	(370, 3137, 'AttackSpeed'),
	(371, 3137, 'CooldownReduction'),
	(372, 3137, 'NonbootsMovement'),
	(373, 3137, 'SpellBlock'),
	(374, 3348, 'Active'),
	(375, 3348, 'Stealth'),
	(376, 3348, 'Trinket'),
	(377, 3348, 'Vision'),
	(378, 3345, 'Active'),
	(379, 3345, 'Trinket'),
	(380, 3345, 'Vision'),
	(381, 3001, 'Aura'),
	(382, 3001, 'SpellBlock'),
	(383, 3001, 'SpellDamage'),
	(384, 3143, 'Active'),
	(385, 3143, 'Armor'),
	(386, 3143, 'Health'),
	(387, 3143, 'Slow'),
	(388, 3142, 'Active'),
	(389, 3142, 'ArmorPenetration'),
	(390, 3142, 'AttackSpeed'),
	(391, 3142, 'CooldownReduction'),
	(392, 3142, 'CriticalStrike'),
	(393, 3142, 'Damage'),
	(394, 3142, 'NonbootsMovement'),
	(395, 3145, 'SpellDamage'),
	(396, 3145, 'SpellVamp'),
	(397, 3401, 'CooldownReduction'),
	(398, 3401, 'GoldPer'),
	(399, 3401, 'Health'),
	(400, 3401, 'HealthRegen'),
	(401, 3144, 'Active'),
	(402, 3144, 'Damage'),
	(403, 3144, 'LifeSteal'),
	(404, 3144, 'Slow'),
	(405, 3211, 'Health'),
	(406, 3211, 'HealthRegen'),
	(407, 3211, 'SpellBlock'),
	(408, 3141, 'Damage'),
	(409, 3140, 'Active'),
	(410, 3140, 'SpellBlock'),
	(411, 3124, 'AttackSpeed'),
	(412, 3124, 'Damage'),
	(413, 3124, 'LifeSteal'),
	(414, 3124, 'OnHit'),
	(415, 3124, 'SpellDamage'),
	(416, 3124, 'SpellVamp'),
	(417, 3029, 'Health'),
	(418, 3029, 'HealthRegen'),
	(419, 3029, 'Mana'),
	(420, 3029, 'ManaRegen'),
	(421, 3029, 'SpellDamage'),
	(422, 3027, 'Health'),
	(423, 3027, 'HealthRegen'),
	(424, 3027, 'Mana'),
	(425, 3027, 'ManaRegen'),
	(426, 3027, 'SpellDamage'),
	(427, 3028, 'ManaRegen'),
	(428, 3028, 'SpellBlock'),
	(429, 3025, 'Armor'),
	(430, 3025, 'CooldownReduction'),
	(431, 3025, 'Mana'),
	(432, 3025, 'Slow'),
	(433, 3025, 'SpellDamage'),
	(434, 3026, 'Armor'),
	(435, 3026, 'SpellBlock'),
	(436, 3512, 'Armor'),
	(437, 3512, 'HealthRegen'),
	(438, 3512, 'NonbootsMovement'),
	(439, 3512, 'SpellBlock'),
	(440, 3035, 'ArmorPenetration'),
	(441, 3035, 'Damage'),
	(442, 3031, 'CriticalStrike'),
	(443, 3031, 'Damage'),
	(444, 3222, 'Active'),
	(445, 3222, 'CooldownReduction'),
	(446, 3222, 'ManaRegen'),
	(447, 3222, 'SpellBlock'),
	(448, 3134, 'ArmorPenetration'),
	(449, 3134, 'CooldownReduction'),
	(450, 3134, 'Damage'),
	(451, 3113, 'NonbootsMovement'),
	(452, 3113, 'SpellDamage'),
	(453, 3114, 'CooldownReduction'),
	(454, 3114, 'ManaRegen'),
	(455, 3430, 'Bilgewater'),
	(456, 3430, 'CooldownReduction'),
	(457, 3430, 'OnHit'),
	(458, 3430, 'SpellDamage'),
	(459, 3115, 'AttackSpeed'),
	(460, 3115, 'CooldownReduction'),
	(461, 3115, 'OnHit'),
	(462, 3115, 'SpellDamage'),
	(463, 3431, 'Bilgewater'),
	(464, 3431, 'CooldownReduction'),
	(465, 3431, 'OnHit'),
	(466, 3431, 'SpellDamage'),
	(467, 3116, 'Health'),
	(468, 3116, 'Slow'),
	(469, 3116, 'SpellDamage'),
	(470, 3117, 'Boots'),
	(471, 3022, 'Damage'),
	(472, 3022, 'Health'),
	(473, 3022, 'OnHit'),
	(474, 3022, 'Slow'),
	(475, 3024, 'Armor'),
	(476, 3024, 'CooldownReduction'),
	(477, 3024, 'Mana'),
	(478, 3023, 'Active'),
	(479, 3023, 'CooldownReduction'),
	(480, 3023, 'NonbootsMovement'),
	(481, 3023, 'Slow'),
	(482, 3023, 'SpellDamage'),
	(483, 3020, 'Boots'),
	(484, 3020, 'MagicPenetration'),
	(485, 3122, 'CriticalStrike'),
	(486, 3122, 'Damage'),
	(487, 3122, 'OnHit'),
	(488, 2053, 'Armor'),
	(489, 2053, 'HealthRegen'),
	(490, 2053, 'NonbootsMovement'),
	(491, 3048, 'Active'),
	(492, 3047, 'Armor'),
	(493, 3047, 'Boots'),
	(494, 2050, 'Consumable'),
	(495, 2051, 'Active'),
	(496, 2051, 'Armor'),
	(497, 2051, 'Health'),
	(498, 2051, 'HealthRegen'),
	(499, 2051, 'NonbootsMovement'),
	(500, 2051, 'SpellBlock'),
	(501, 3434, 'Bilgewater'),
	(502, 3434, 'CooldownReduction'),
	(503, 3434, 'OnHit'),
	(504, 3434, 'SpellDamage'),
	(505, 1051, 'CriticalStrike'),
	(506, 3197, 'Mana'),
	(507, 3197, 'SpellDamage'),
	(508, 3433, 'Bilgewater'),
	(509, 3433, 'CooldownReduction'),
	(510, 3433, 'ManaRegen'),
	(511, 3433, 'SpellDamage'),
	(512, 3198, 'Mana'),
	(513, 3198, 'SpellDamage'),
	(514, 1054, 'Health'),
	(515, 1054, 'HealthRegen'),
	(516, 1054, 'Lane'),
	(517, 3196, 'Mana'),
	(518, 3196, 'SpellDamage'),
	(519, 1055, 'Damage'),
	(520, 1055, 'Health'),
	(521, 1055, 'Lane'),
	(522, 1055, 'LifeSteal'),
	(523, 1052, 'SpellDamage'),
	(524, 1053, 'Damage'),
	(525, 1053, 'LifeSteal'),
	(526, 3191, 'Armor'),
	(527, 3191, 'SpellDamage'),
	(528, 3053, 'Damage'),
	(529, 3053, 'Health'),
	(530, 3053, 'LifeSteal'),
	(531, 3050, 'Armor'),
	(532, 3050, 'Aura'),
	(533, 3050, 'CooldownReduction'),
	(534, 3050, 'Mana'),
	(535, 3050, 'SpellDamage'),
	(536, 3190, 'Active'),
	(537, 3190, 'Aura'),
	(538, 3190, 'CooldownReduction'),
	(539, 3190, 'Health'),
	(540, 3190, 'HealthRegen'),
	(541, 3190, 'SpellBlock'),
	(542, 3056, 'Active'),
	(543, 3056, 'Armor'),
	(544, 3056, 'CooldownReduction'),
	(545, 3056, 'Health'),
	(546, 3056, 'HealthRegen'),
	(547, 3056, 'NonbootsMovement'),
	(548, 2047, 'Consumable'),
	(549, 2047, 'Stealth'),
	(550, 2047, 'Vision'),
	(551, 3057, 'Mana'),
	(552, 3057, 'SpellDamage'),
	(553, 2049, 'Active'),
	(554, 2049, 'Health'),
	(555, 2049, 'Vision'),
	(556, 3301, 'GoldPer'),
	(557, 3301, 'Lane'),
	(558, 3301, 'ManaRegen'),
	(559, 3303, 'GoldPer'),
	(560, 3303, 'Lane'),
	(561, 3303, 'ManaRegen'),
	(562, 3303, 'SpellDamage'),
	(563, 3302, 'Aura'),
	(564, 3302, 'GoldPer'),
	(565, 3302, 'Health'),
	(566, 3302, 'Lane'),
	(567, 1037, 'Damage'),
	(568, 1036, 'Damage'),
	(569, 1036, 'Lane'),
	(570, 1039, 'Damage'),
	(571, 1039, 'HealthRegen'),
	(572, 1039, 'Jungle'),
	(573, 1039, 'ManaRegen'),
	(574, 1039, 'OnHit'),
	(575, 1038, 'Damage'),
	(576, 3187, 'Active'),
	(577, 3187, 'Armor'),
	(578, 3187, 'CooldownReduction'),
	(579, 3187, 'Health'),
	(580, 3187, 'Mana'),
	(581, 3187, 'Stealth'),
	(582, 3187, 'Vision'),
	(583, 1042, 'AttackSpeed'),
	(584, 3184, 'Active'),
	(585, 3184, 'Damage'),
	(586, 3184, 'Health'),
	(587, 3184, 'NonbootsMovement'),
	(588, 3184, 'Slow'),
	(589, 1043, 'AttackSpeed'),
	(590, 3185, 'Active'),
	(591, 3185, 'CriticalStrike'),
	(592, 3185, 'Damage'),
	(593, 3185, 'OnHit'),
	(594, 3185, 'Stealth'),
	(595, 3185, 'Vision'),
	(596, 3040, 'Active'),
	(597, 3180, 'Active'),
	(598, 3180, 'Health'),
	(599, 3180, 'Mana'),
	(600, 3180, 'SpellBlock'),
	(601, 3041, 'SpellDamage'),
	(602, 3181, 'Damage'),
	(603, 3181, 'LifeSteal'),
	(604, 3042, 'OnHit'),
	(605, 3043, 'OnHit'),
	(606, 3044, 'Damage'),
	(607, 3044, 'Health'),
	(608, 3044, 'NonbootsMovement'),
	(609, 3044, 'OnHit'),
	(610, 3046, 'AttackSpeed'),
	(611, 3046, 'CriticalStrike'),
	(612, 3046, 'NonbootsMovement'),
	(613, 3069, 'Active'),
	(614, 3069, 'CooldownReduction'),
	(615, 3069, 'GoldPer'),
	(616, 3069, 'HealthRegen'),
	(617, 3069, 'ManaRegen'),
	(618, 3069, 'NonbootsMovement'),
	(619, 1029, 'Armor'),
	(620, 1028, 'Health'),
	(621, 1027, 'Mana'),
	(622, 3460, 'Active'),
	(623, 3460, 'Trinket'),
	(624, 1026, 'SpellDamage'),
	(625, 3070, 'Mana'),
	(626, 3070, 'ManaRegen'),
	(627, 3174, 'CooldownReduction'),
	(628, 3174, 'ManaRegen'),
	(629, 3174, 'SpellBlock'),
	(630, 3174, 'SpellDamage'),
	(631, 3071, 'ArmorPenetration'),
	(632, 3071, 'CooldownReduction'),
	(633, 3071, 'Damage'),
	(634, 3071, 'Health'),
	(635, 3071, 'NonbootsMovement'),
	(636, 3071, 'OnHit'),
	(637, 1033, 'SpellBlock'),
	(638, 3751, 'Health'),
	(639, 3172, 'AttackSpeed'),
	(640, 3172, 'CooldownReduction'),
	(641, 3172, 'Damage'),
	(642, 3172, 'NonbootsMovement'),
	(643, 3172, 'Tenacity'),
	(644, 1031, 'Armor'),
	(645, 3078, 'AttackSpeed'),
	(646, 3078, 'CriticalStrike'),
	(647, 3078, 'Damage'),
	(648, 3078, 'Health'),
	(649, 3078, 'Mana'),
	(650, 3078, 'NonbootsMovement'),
	(651, 3078, 'OnHit'),
	(652, 3078, 'SpellDamage'),
	(653, 3077, 'Active'),
	(654, 3077, 'Damage'),
	(655, 3077, 'HealthRegen'),
	(656, 3077, 'OnHit'),
	(657, 3074, 'Active'),
	(658, 3074, 'Damage'),
	(659, 3074, 'HealthRegen'),
	(660, 3074, 'LifeSteal'),
	(661, 3074, 'OnHit'),
	(662, 3170, 'Armor'),
	(663, 3170, 'SpellBlock'),
	(664, 3170, 'SpellDamage'),
	(665, 3170, 'Tenacity'),
	(666, 3075, 'Armor'),
	(667, 3652, 'AttackSpeed'),
	(668, 3652, 'Bilgewater'),
	(669, 3652, 'Damage'),
	(670, 3652, 'NonbootsMovement'),
	(671, 3072, 'Damage'),
	(672, 3072, 'LifeSteal'),
	(673, 3073, 'Mana'),
	(674, 3073, 'ManaRegen'),
	(675, 2041, 'Active'),
	(676, 2041, 'Consumable'),
	(677, 2041, 'HealthRegen'),
	(678, 2041, 'Lane'),
	(679, 2041, 'ManaRegen'),
	(680, 2044, 'Consumable'),
	(681, 2044, 'Lane'),
	(682, 2044, 'Vision'),
	(683, 2045, 'Active'),
	(684, 2045, 'Health'),
	(685, 2045, 'Vision'),
	(686, 2043, 'Consumable'),
	(687, 2043, 'Lane'),
	(688, 2043, 'Stealth'),
	(689, 2043, 'Vision'),
	(690, 3158, 'Boots'),
	(691, 3158, 'CooldownReduction'),
	(692, 3157, 'Active'),
	(693, 3157, 'Armor'),
	(694, 3157, 'SpellDamage'),
	(695, 3159, 'Active'),
	(696, 3159, 'AttackSpeed'),
	(697, 3159, 'Damage'),
	(698, 3159, 'GoldPer'),
	(699, 3159, 'OnHit'),
	(700, 3159, 'Stealth'),
	(701, 3159, 'Vision'),
	(702, 1018, 'CriticalStrike'),
	(703, 3060, 'Active'),
	(704, 3060, 'Aura'),
	(705, 3060, 'CooldownReduction'),
	(706, 3060, 'Health'),
	(707, 3060, 'HealthRegen'),
	(708, 3060, 'SpellBlock'),
	(709, 3060, 'SpellDamage'),
	(710, 3165, 'CooldownReduction'),
	(711, 3165, 'ManaRegen'),
	(712, 3165, 'SpellDamage'),
	(713, 3065, 'CooldownReduction'),
	(714, 3065, 'Health'),
	(715, 3065, 'HealthRegen'),
	(716, 3065, 'SpellBlock'),
	(717, 3067, 'CooldownReduction'),
	(718, 3067, 'Health'),
	(719, 3068, 'Armor'),
	(720, 3068, 'Health');
/*!40000 ALTER TABLE `ItemTags` ENABLE KEYS */;


-- Exportiere Struktur von Tabelle ni50265_1sql1.Sessions
CREATE TABLE IF NOT EXISTS `Sessions` (
  `ID` int(10) unsigned NOT NULL AUTO_INCREMENT,
  `Created` bigint(20) NOT NULL DEFAULT '0',
  `Lifetime` bigint(20) NOT NULL DEFAULT '0',
  `UserID` int(11) NOT NULL DEFAULT '0',
  PRIMARY KEY (`ID`)
) ENGINE=InnoDB AUTO_INCREMENT=17 DEFAULT CHARSET=latin1;

-- Exportiere Daten aus Tabelle ni50265_1sql1.Sessions: ~14 rows (ungefähr)
/*!40000 ALTER TABLE `Sessions` DISABLE KEYS */;
INSERT INTO `Sessions` (`ID`, `Created`, `Lifetime`, `UserID`) VALUES
	(1, 1440102261, 432000, 1),
	(2, 1440102378, 432000, 1),
	(3, 1440102569, 432000, 1),
	(4, 1440102633, 432000, 1),
	(5, 1440102654, 432000, 1),
	(6, 1440104263, 432000, 7),
	(7, 1440162028, 432000, 1),
	(8, 1440259433, 432000, 1),
	(9, 1440625922, 432000, 1),
	(10, 1440626247, 432000, 1),
	(11, 1440798382, 432000, 1),
	(12, 1440850818, 432000, 1),
	(13, 1441031624, 432000, 1),
	(14, 1441031732, 432000, 1),
	(15, 1441060110, 432000, 1),
	(16, 1441060690, 432000, 1);
/*!40000 ALTER TABLE `Sessions` ENABLE KEYS */;


-- Exportiere Struktur von Tabelle ni50265_1sql1.Users
CREATE TABLE IF NOT EXISTS `Users` (
  `ID` int(10) unsigned NOT NULL AUTO_INCREMENT,
  `Name` varchar(25) NOT NULL,
  `Password` varchar(32) CHARACTER SET ascii COLLATE ascii_bin NOT NULL,
  `Mail` char(255) NOT NULL,
  `Group` tinyint(3) unsigned NOT NULL DEFAULT '1',
  PRIMARY KEY (`ID`)
) ENGINE=InnoDB AUTO_INCREMENT=8 DEFAULT CHARSET=latin1;

-- Exportiere Daten aus Tabelle ni50265_1sql1.Users: ~2 rows (ungefähr)
/*!40000 ALTER TABLE `Users` DISABLE KEYS */;
INSERT INTO `Users` (`ID`, `Name`, `Password`, `Mail`, `Group`) VALUES
	(1, 'Admin', '9e42d42153f9c0e1e418c5b4502d161c', 'test@gmail.com', 2),
	(7, 'Gandalf', '8b693e3ad056f77b298cf0ff7b377738', '8flyverse8@gmail.com', 1);
/*!40000 ALTER TABLE `Users` ENABLE KEYS */;


-- Exportiere Struktur von Tabelle ni50265_1sql1.Votes
CREATE TABLE IF NOT EXISTS `Votes` (
  `ID` int(10) unsigned NOT NULL AUTO_INCREMENT,
  `UserID` int(10) unsigned NOT NULL,
  `ItemsetID` int(10) unsigned NOT NULL,
  `Rating` tinyint(4) NOT NULL DEFAULT '0' COMMENT '0 = Negative Rating, 1 = Positive Rating',
  PRIMARY KEY (`ID`)
) ENGINE=InnoDB AUTO_INCREMENT=6 DEFAULT CHARSET=latin1;

-- Exportiere Daten aus Tabelle ni50265_1sql1.Votes: ~3 rows (ungefähr)
/*!40000 ALTER TABLE `Votes` DISABLE KEYS */;
INSERT INTO `Votes` (`ID`, `UserID`, `ItemsetID`, `Rating`) VALUES
	(2, 4, 2, 1),
	(4, 3, 1, -1),
	(5, 1, 2, -1);
/*!40000 ALTER TABLE `Votes` ENABLE KEYS */;
/*!40101 SET SQL_MODE=IFNULL(@OLD_SQL_MODE, '') */;
/*!40014 SET FOREIGN_KEY_CHECKS=IF(@OLD_FOREIGN_KEY_CHECKS IS NULL, 1, @OLD_FOREIGN_KEY_CHECKS) */;
/*!40101 SET CHARACTER_SET_CLIENT=@OLD_CHARACTER_SET_CLIENT */;
